	id	created	modified	is_active	name	release_year	release_month	titelbild	slug	basispreis	reichweite_epa	reichweite_wltp	v_max	power_ps	power_kw	staatliche_foerderung	langstrecke	antriebsart	form	lieferzeit	dc_max	ac_real	ac_max	beschleunigung	batteriegroesse_netto	batteriegroesse_brutto	time_to_200km	beschreibung_kurz	beschreibung_lang	heat_pump	bi_directional_loading	electrical_system_voltage	consumption_wltp_official	consumption_nefz_official	consumption_wltp_calulation	modelle_id
50-quattro-54	116	2021-08-22 22:29:34.154000+00:00	2022-03-10 21:27:58.212000+00:00	True	50 quattro	2021	6	cars/Audi_Q4_e-tron_50_quattaro_4x3.webp	50-quattro-54	53600	376	488	180	299	220	True	3	Allrad	compact	12	135.0	11.0	11.0	6.2	77.0	82.0		Der Audi Q4 e-tron zählt nicht nur in der Fachpresse zu einem der schönsten SUVs im Kompaktsegment. Kurze Überhänge, eine sportlich designte Silhouette in Kombination mit eleganten Audi typischen Designelementen sprechen für sich. Das der Q4 e-tron dabei im Innenraum trotz kürzerer Abmessungen Platzverhältnisse wie in einem Audi Q5 oder BMW X3 bietet, macht ihn auch Familien sehr interessant. Dank einer Schnellladeleistung von 125 kW, dem serienmäßigen Allradantrieb und einer realen Reichweite von 376 Kilometern ist für den Q4 e-tron kein Weg zu steinig oder zu weit.	Der Audi Q4 e-tron zählt nicht nur in der Fachpresse zu einem der schönsten SUVs im Kompaktsegment. Kurze Überhänge, eine sportlich designte Silhouette in Kombination mit eleganten Audi typischen Designelementen sprechen für sich. Das der Q4 e-tron dabei im Innenraum trotz kürzerer Abmessungen Platzverhältnisse wie in einem Audi Q5 oder BMW X3 bietet, macht ihn auch Familien sehr interessant. Dank einer Schnellladeleistung von 125 kW, dem serienmäßigen Allradantrieb und einer realen Reichweite von 376 Kilometern ist für den Q4 e-tron kein Weg zu steinig oder zu weit.	False	False	400	19,9-17,9		19.9	54
aiways-u5-premium	66	2020-10-17 14:13:28.432000+00:00	2021-02-12 13:49:36.854000+00:00	True	Premium	2020	11	cars/Aiways_U5_4x3.png	aiways-u5-premium	42050	340	400	150	204	150	True	2	vorderrad	compact	6	90.0	4.6	6.6	7.8		63.0		Mit dem Aiways U5 verzichten Sie auf nichts, außer auf Kompromisse. Denn wie kein anderer kombiniert der Elektro-SUV eine hohe Reichweite mit großem Raumangebot, minimalistische Designsprache mit umfangreicher Ausstattung, innovative Technologien mit unkompliziertem Handling.	Leider haben wir noch keine Beschreibung	False	False	400	17		17.0	40
aiways-U5-Standard	65	2020-10-17 13:56:45.637000+00:00	2021-02-12 13:49:21.230000+00:00	True	Standard	2020	11	cars/Aiways_U5_4x3_Standard.png	aiways-U5-Standard	38973	349	410	150	204	150	True	2	vorderrad	compact	6	90.0	4.6	6.6	7.5		63.0		Mit dem Aiways U5 verzichten Sie auf nichts, außer auf Kompromisse. Denn wie kein anderer kombiniert der Elektro-SUV eine hohe Reichweite mit großem Raumangebot, minimalistische Designsprache mit umfangreicher Ausstattung, innovative Technologien mit unkompliziertem Handling.	Leider haben wir noch keine Beschreibung	False	False	400	16,6		16.6	40
Audi-e-tron-50-quattro	1	2020-04-20 13:57:20.647000+00:00	2022-02-25 11:07:16.352000+00:00	True	50 quattro	2019	3	cars/Audi_etron50_4x3_u0iqyA7.webp	Audi-e-tron-50-quattro	69100	262	276	188	313	230	True	2	Allrad	compact	6	120.0	11.0	11.0	6.8	64.7	71.0		Der Audi e-tron vereint typisch elegante Audi Designelemente mit einem leistungsstarken Elektroantrieb und modernster Technik. Er ist ausgerüstet mit adaptiven Fahrassistenten und einem digitalen Cockpit.	Leider haben wir noch keine Beschreibung	False	False	400	26,6-22,4	24,3-21,9	22.4	1
Audi-e-tron55-quattro	2	2020-04-20 14:00:41.062000+00:00	2022-02-25 11:05:58.899000+00:00	True	55 quattro	2018	9	cars/Audi_etron55_4x3.webp	Audi-e-tron55-quattro	81500	357	365	200	408	300	False	3	Allrad	compact	6	150.0	11.0	11.0	5.7	86.5	95.0	133.0	Der Audi e-tron vereint typisch elegante Audi Designelemente mit einem leistungsstarken Elektroantrieb und modernster Technik. Er ist ausgerüstet mit adaptiven Fahrassistenten und einem digitalen Cockpit.	Leider haben wir noch keine Beschreibung	False	False	400	26,3-22,4	23,1-21,0	22.4	1
audi-e-tron-gt-quattro	82	2021-02-10 01:01:56.486000+00:00	2022-02-25 09:52:15.666000+00:00	True	quattro	2021	1	cars/Audi_e-tron_GT_4x3.webp	audi-e-tron-gt-quattro	101600	468	430	245	476	350	False	3	Allrad	compact	5	270.0	11.0	11.0	4.1	85.0	93.0		Im Innenraum bietet der Audi e-tron GT quattro ein hohes Maß an Alltagstauglichkeit, gepaart mit höchster Qualitätsanmutung. Mit den Proportionen eines Gran Turismo – flach, breit und langer Radstand. Hier treffen Sportlichkeit und Alltagstauglichkeit aufeinander. Das skulpturale Design der Karosserie verkörpert Kraft und Performance.	Leider haben wir noch keine Beschreibung	False	False	400	21,6-19,9	19,6-18,8	19.9	50
audi-e-tron-gt-rs	83	2021-02-10 01:12:54.467000+00:00	2022-02-25 09:51:33.300000+00:00	True	RS	2021	1	cars/Audi_RS_e-tron_GT_4x3.webp	audi-e-tron-gt-rs	138200	416	472	250	598	440	False	3	Allrad	compact	5	270.0	11.0	11.0	3.3	85.0	93.0		Der Audi RS e-tron GT vereint die dynamischen Proportionen eines Gran Turismo mit der unverwechselbaren Charakteristik eines Audi RS-Modells. Das erste vollelektrische RS-Modell soll die Spitze der E-Offensive werden.	Leider haben wir noch keine Beschreibung	False	False	400	22,5-20,6	20,2-19,3	20.6	50
audi-etron-S	58	2020-09-14 21:42:31.246000+00:00	2021-02-12 14:00:09.190000+00:00	True	S	2020	9	cars/Audi_etron_s_4x3.png	audi-etron-S	93800	330	347	210	503	370	False	2	Allrad	compact	6	150.0	11.0	11.0	4.5	86.5	95.0		Der Audi e-tron vereint typisch elegante Audi Designelemente mit einem leistungsstarken Elektroantrieb und modernster Technik. Er ist ausgerüstet mit adaptiven Fahrassistenten, einem digitalen Cockpit und auf Wunsch sogar mit kamerabasierten Außenspiegel.	Leider haben wir noch keine Beschreibung	False	False	400	28,0-26,8		26.8	1
Audi-e-tron-Sportback-50-quattro	3	2020-04-20 14:12:27.252000+00:00	2022-02-25 11:05:13.590000+00:00	True	50 quattro	2020	5	cars/Audi_etron50_sb_4x3.webp	Audi-e-tron-Sportback-50-quattro	71350	266	280	190	313	230	True	2	Allrad	compact	6	120.0	11.0	11.0	6.8	64.7	71.0		Der Audi e-tron vereint typisch elegante Audi Designelemente mit einem leistungsstarken Elektroantrieb und modernster Technik. Er ist ausgerüstet mit adaptiven Fahrassistenten und einem digitalen Cockpit.	Leider haben wir noch keine Beschreibung	False	False	400	26,3-21,7	23,9-21,4	21.7	3
Audi-e-tron-Sportback-55-quattro	4	2020-04-20 14:15:07.468000+00:00	2022-02-25 11:04:31.022000+00:00	True	55 quattro	2020	5	cars/Audi_etron55_sb_4x3.webp	Audi-e-tron-Sportback-55-quattro	83750	351	369	200	408	300	False	3	Allrad	compact	6	150.0	11.0	11.0	5.7	86.5	95.0		Der Audi e-tron vereint typisch elegante Audi Designelemente mit einem leistungsstarken Elektroantrieb und modernster Technik. Er ist ausgerüstet mit adaptiven Fahrassistenten und einem digitalen Cockpit.	Leider haben wir noch keine Beschreibung	False	False	400	26,0-22,0	22,7-20,6	22.0	3
Audi-etron-Sportback-S	59	2020-09-14 22:04:06.839000+00:00	2022-04-25 10:57:01.079000+00:00	True	S	2020	10	cars/Audi_etron_s_sb_4x3.png	Audi-etron-Sportback-S	96050	330	347	210	503	370	False	2	Allrad	compact	6	150.0	11.0	11.0	4.5	86.5	90.0		Der Audi e-tron vereint typisch elegante Audi Designelemente mit einem leistungsstarken Elektroantrieb und modernster Technik. Er ist ausgerüstet mit adaptiven Fahrassistenten, einem digitalen Cockpit und auf Wunsch sogar mit kamerabasierten Außenspiegeln.	Leider haben wir noch keine Beschreibung	False	False	400	26.3 - 21.6	23.9 – 20.6	20.6	3
audi-q4-etron-35	113	2021-08-22 22:10:43.997000+00:00	2022-02-25 09:20:45.380000+00:00	True	35	2021	6	cars/Audi_Q4_e-tron_35_4x3.webp	audi-q4-etron-35	41900	263	341	160	170	125	True	2	hinterrrad	compact	6	100.0	7.2	7.2	9.0	52.0	58.0		Der Audi Q4 e-tron zählt nicht nur in der Fachpresse zu einem der schönsten SUVs im Kompaktsegment. Kurze Überhänge, eine sportlich designte Silhouette in Kombination mit eleganten Audi typischen Designelementen sprechen für sich. Das der Q4 e-tron dabei im Innenraum trotz kürzerer Abmessungen Platzverhältnisse wie in einem Audi Q5 oder BMW X3 bietet, macht ihn auch Familien sehr interessant. Mit seiner Schnellladeleistung von 100 kW und einer realen Reichweite von 263 Kilometern sind selbst Überlandfahrten problemlos möglich.	Der Audi Q4 e-tron zählt nicht nur in der Fachpresse zu einem der schönsten SUVs im Kompaktsegment. Kurze Überhänge, eine sportlich designte Silhouette in Kombination mit eleganten Audi typischen Designelementen sprechen für sich. Das der Q4 e-tron dabei im Innenraum trotz kürzerer Abmessungen Platzverhältnisse wie in einem Audi Q5 oder BMW X3 bietet, macht ihn auch Familien sehr interessant. Mit seiner Schnellladeleistung von 100 kW und einer realen Reichweite von 263 Kilometern sind selbst gelegentliche Überlandfahrten problemlos möglich.	False	False	400	19,1-17,0		19.1	54
audi-q4-etron-40	114	2021-08-22 22:16:27.767000+00:00	2022-03-10 21:28:39.218000+00:00	True	40	2021	6	cars/Audi_Q4_e-tron_40_4x3.webp	audi-q4-etron-40	47500	401	521	160	204	150	True	3	hinterrrad	compact	11	135.0	11.0	11.0	8.5	77.0	82.0		Der Audi Q4 e-tron zählt nicht nur in der Fachpresse zu einem der schönsten SUVs im Kompaktsegment. Kurze Überhänge, eine sportlich designte Silhouette in Kombination mit eleganten Audi typischen Designelementen sprechen für sich. Das der Q4 e-tron dabei im Innenraum trotz kürzerer Abmessungen Platzverhältnisse wie in einem Audi Q5 oder BMW X3 bietet, macht ihn auch Familien sehr interessant. Mit seiner Schnellladeleistung von 125 kW und einer realen Reichweite von über 400 Kilometern sind selbst Langstreckenfahrten problemlos möglich.	Der Audi Q4 e-tron zählt nicht nur in der Fachpresse zu einem der schönsten SUVs im Kompaktsegment. Kurze Überhänge, eine sportlich designte Silhouette in Kombination mit eleganten Audi typischen Designelementen sprechen für sich. Das der Q4 e-tron dabei im Innenraum trotz kürzerer Abmessungen Platzverhältnisse wie in einem Audi Q5 oder BMW X3 bietet, macht ihn auch Familien sehr interessant. Mit seiner Schnellladeleistung von 125 kW und einer realen Reichweite von über 400 Kilometern sind selbst Langstreckenfahrten problemlos möglich.	False	False	400	20,0-17,3		20.0	54
audi-q4-etron-45-quattro	115	2021-08-22 22:22:18.667000+00:00	2022-03-10 21:28:13.962000+00:00	True	45 quattro	2021	8	cars/Audi_Q4_e-tron_45_quattaro_4x3.webp	audi-q4-etron-45-quattro	50900	377	490	180	265	195	True	3	Allrad	compact	6	135.0	11.0	11.0	6.9	77.0	82.0		Der Audi Q4 e-tron zählt nicht nur in der Fachpresse zu einem der schönsten SUVs im Kompaktsegment. Kurze Überhänge, eine sportlich designte Silhouette in Kombination mit eleganten Audi typischen Designelementen sprechen für sich. Das der Q4 e-tron dabei im Innenraum trotz kürzerer Abmessungen Platzverhältnisse wie in einem Audi Q5 oder BMW X3 bietet, macht ihn auch Familien sehr interessant. Dank einer Schnellladeleistung von 125 kW, dem serienmäßigen Allradantrieb und einer realen Reichweite von 377 Kilometern ist für den Q4 e-tron kein Weg zu steinig oder zu weit.	Der Audi Q4 e-tron zählt nicht nur in der Fachpresse zu einem der schönsten SUVs im Kompaktsegment. Kurze Überhänge, eine sportlich designte Silhouette in Kombination mit eleganten Audi typischen Designelementen sprechen für sich. Das der Q4 e-tron dabei im Innenraum trotz kürzerer Abmessungen Platzverhältnisse wie in einem Audi Q5 oder BMW X3 bietet, macht ihn auch Familien sehr interessant. Dank einer Schnellladeleistung von 125 kW, dem serienmäßigen Allradantrieb und einer realen Reichweite von 377 Kilometern ist für den Q4 e-tron kein Weg zu steinig oder zu weit.	False	False	400	21,3-17,9		21.3	54
audi-q4-sportback-etron-35	134	2021-12-11 17:18:39.792000+00:00	2022-02-25 09:04:53.356000+00:00	True	35	2021	7	cars/Audi_Q4_e-tron_Sportback_35_4x3.webp	audi-q4-sportback-etron-35	43900	279	349	160	170	125	True	2	hinterrrad	compact	7	100.0	7.2	7.2	9.0	52.0	55.0		Leider haben wir noch keine Beschreibung	Leider haben wir noch keine Beschreibung	False	False	400	18,7-16,6		16.6	55
audi-q4-sportback-etron-40	135	2021-12-12 12:55:06.644000+00:00	2022-03-10 21:27:39.071000+00:00	True	40	2021	7	cars/Audi_Q4_e-tron_Sportback_40_4x3.webp	audi-q4-sportback-etron-40	49500	427	534	160	204	150	True	3	hinterrrad	compact	10	135.0	11.0	11.0	8.5	77.0	82.0		Leider haben wir noch keine Beschreibung	Leider haben wir noch keine Beschreibung	False	False	400	19,6-16,8		16.8	55
audi-q4-sportback-etron-50-quattro	136	2021-12-12 13:01:24.124000+00:00	2022-03-10 21:27:18.394000+00:00	True	50 quattro	2021	7	cars/Audi_Q4_e-tron_Sportback_50_quattro_sondermodell_4x3.webp	audi-q4-sportback-etron-50-quattro	55600	398	497	180	299	220	True	3	Allrad	compact	12	135.0	11.0	11.0	6.2	77.0	82.0		Leider haben wir noch keine Beschreibung	Leider haben wir noch keine Beschreibung	False	False	400	20,9-17,5		17.5	55
BMW-i3-120-Ah	5	2020-04-20 14:24:45.523000+00:00	2022-02-25 11:03:37.774000+00:00	True	120 Ah	2017	11	cars/BMW_i3_4x3.webp	BMW-i3-120-Ah	39000	246	285	150	170	125	True	1	hinterrrad	compact	6	50.0	11.0	11.0	7.3	37.9	42.2	2610.0	Mit seinem polarisierenden Design ist der BMW i3 nach wie vor ein einzigartiger Anblick im Straßenverkehr. Ein hochwertiger Innenraum und dynamisches Fahrverhalten lassen den Wunsch aufkommen, einfach noch etwas weiter zu fahren.	Leider haben wir noch keine Beschreibung	False	False	400	16,3-15,3	13,1	15.3	2
BMW-i3-s-120-Ah	6	2020-04-20 14:27:03.201000+00:00	2022-02-25 11:02:51.107000+00:00	True	s 120 Ah	2018	11	cars/BMW_i3s_4x3.webp	BMW-i3-s-120-Ah	42600	232	270	160	184	135	True	1	hinterrrad	compact	6	50.0	11.0	11.0	6.9	37.9	42.2	2957.0	"Sein auffälliges Design macht den BMW i3 nach wie vor zu einem besonderen Anblick im Straßenverkehr.
Ein hochwertiger Innenraum und dynamisches Fahrverhalten laden dazu ein, einfach noch ein Stück weiter zu fahren."	Leider haben wir noch keine Beschreibung	False	False	400	16,5-13,2	14,6-14,0	13.2	2
bmw-i4-edrive40	98	2021-06-02 10:13:41.080000+00:00	2022-04-11 10:18:12.888000+00:00	True	eDrive40	2021	6	cars/BMW-i4-edrive40-4x3.webp	bmw-i4-edrive40	59200	482	590	190	340	250	True	3	hinterrrad	compact	11	200.0	11.0	11.0	5.7	80.7	83.9		Leider haben wir noch keine Beschreibung	Leider haben wir noch keine Beschreibung	False	False	400	20-16		20.0	60
bmw-i4-m50	99	2021-06-02 10:17:04.698000+00:00	2022-04-11 10:17:47.102000+00:00	True	M50	2021	6	cars/BMW-i4-M50-4x3.webp	bmw-i4-m50	70800	418	510	225	544	400	True	3	Allrad	compact	12	200.0	11.0	11.0	3.9	80.7	83.9		Leider haben wir noch keine Beschreibung	Leider haben wir noch keine Beschreibung	False	False	400	24-19		24.0	60
bmw-i7-xdrive60	148	2022-04-21 22:21:41.862000+00:00	2022-04-21 22:23:02.858000+00:00	True	xDrive60	2022	4	cars/BMW_i7_xDrive60_4x3.webp	bmw-i7-xdrive60	135900	491	625	240	544	400	False	3	Allrad	compact	4	195.0	11.0	11.0	4.7	101.7	105.0		Leider haben wir noch keine Beschreibung	Leider haben wir noch keine Beschreibung	False	False	400	19,6-18,4		19.6	70
bmw-ix1-xdrive30	155	2022-06-03 15:06:54.626000+00:00	2022-07-01 12:27:04.732000+00:00	True	xDrive30	2022	11	cars/BMW_ix1_xdrive30_Blau_4x3.webp	bmw-ix1-xdrive30	55000	355	413	185	313	230	True	2	Allrad	compact	6	130.0	22.0	22.0	5.7	64.7	68.0		Der BMW iX1 ist das erste allradgetriebene Elektrofahrzeug der Marke im Premium-Kompaktsegment. Eine souveräne Traktion, Spurtreue und Fahrstabilität in jeder Situation zählen daher zur Paradedisziplin des iX1. Eine reale Reichweite von 355 Kilometern sowie ein 130 kW Schnellladeanschluss erlauben selbst längere Fahrten mit Kompakt-SUV. Den Spurt aus dem Stand auf 100 km/h absolviert der BMW iX1 dank einer Systemleistung von 230 kW | 313 PS in 5,7 Sekunden.	Leider haben wir noch keine Beschreibung	False	False	400	18,4-17,3	18.4	17.3	73
bmw-ix3	68	2020-11-14 17:12:52.726000+00:00	2022-04-11 10:19:41.756000+00:00	True	Standard	2020	11	cars/BMW_ix3_4x3.png	bmw-ix3	67300	387	450	180	286	240	True	2	hinterrrad	compact	5	150.0	11.0	11.0	6.8	73.8	80.0		Der iX3 ist das zweite rein elektrische Modell aus dem Hause BMW. Die unverkennbar progressive BMW-Designsprache zieht sich gleichermaßen durch Exterieur und Interieur.	Leider haben wir noch keine Beschreibung	False	False	400	18,5	17,8-17,5	18.5	39
bmw-ix-M60	138	2022-01-06 21:51:27.891000+00:00	2022-04-25 10:53:26.492000+00:00	True	M60	2022	1	cars/BMW-iX-M60.webp	bmw-ix-M60	132200	450	566	250	619	455	False	3	Allrad	compact	9	200.0	11.0	11.0	3.8	111.5	105.2		Der BMW iX polarisiert und verzaubert zu gleich. Mit einer reduzierten Formsprache, einem nachhaltigen Innenraum und neuester Technik setzt der iX einen neuen Standard im Segment der elektrischen Premium-SUVs. Dank einer realen Reichweite von bis 450 Kilometern und eines 200 kW-starken CCS-Anschluss ist die Reichweitenangst auch kein Thema mehr. Den Sprung auf Tempo 100 schafft der E-SUV in sportwagenähnlichen in 3,8 Sekunden und garantiert so die Freude am Fahren.	Leider haben wir noch keine Beschreibung	False	False	400	24,7 - 21,7		21.7	52
bmw-ix-xDrive40	88	2021-03-19 10:56:05.220000+00:00	2022-04-25 10:53:17.358000+00:00	True	xDrive40	2021	2	cars/BMW-iX-xdrive40-4x3-neu.webp	bmw-ix-xDrive40	77300	374	400	200	326	240	True	2	Allrad	compact	8	150.0	11.0	11.0	6.1	71.0	76.6		Der BMW iX polarisiert und verzaubert zu gleich. Mit einer reduzierten Formsprache, einem nachhaltigen Innenraum und neuester Technik setzt der iX einen neuen Standard im Segment der elektrischen Premium-SUVs. Dank einer realen Reichweite von bis 374 Kilometern und eines 150 kW-starken CCS-Anschluss sind selbst längere Fahrten problemlos möglich. Den Sprung auf Tempo 100 schafft der E-SUV in sportlichen in 6,1 Sekunden.	Leider haben wir noch keine Beschreibung	False	False	400	22,5-19.4		22.5	52
bmw-ix-xDrive50	89	2021-03-19 11:00:05.991000+00:00	2022-04-25 10:53:11.427000+00:00	True	xDrive50	2021	2	cars/BMW-iX-xdrive50-4x3-neu.webp	bmw-ix-xDrive50	100000	521	630	200	523	385	False	3	Allrad	compact	12	200.0	11.0	11.0	4.6	105.2	111.5		Der BMW iX polarisiert und verzaubert zu gleich. Mit einer reduzierten Formsprache, einem nachhaltigen Innenraum und neuester Technik setzt der iX einen neuen Standard im Segment der elektrischen Premium-SUVs. Dank einer realen Reichweite von bis 521 Kilometern und eines 200 kW-starken CCS-Anschluss ist die Reichweitenangst auch kein Thema mehr. Den Sprung auf Tempo 100 schafft der E-SUV in sportwagenähnlichen 4,6 Sekunden und definiert so die Freude am Fahren neu.	Leider haben wir noch keine Beschreibung	False	False	400	23,0 – 19,8		23.0	52
citroen-e-c4	60	2020-09-16 14:46:22.560000+00:00	2021-12-06 23:12:55.527000+00:00	True	Standard	2020	9	cars/Citreon_e-C4_4x3.png	citroen-e-c4	34640	303	357	150	136	100	True	2	vorderrad	compact	6	11.0	11.0	100.0	9.7	50.0	45.0		Der neue Citroën ë-C4 100 % Ëlectric ermöglicht im Alltag das Fahren mit reinem Elektroantrieb in einer perfekt von der Außenwelt abgeschirmten Fahrgastzelle, in völliger Ruhe. Entdecken Sie jetzt die Eleganz, die fließenden Linien und Dynamik einer Kompaktlimousine.	Leider haben wir noch keine Beschreibung	False	False	400	16,6-15,3		15.3	41
cupra-born-58-kwh	112	2021-08-22 21:00:41.161000+00:00	2022-04-30 16:02:10.296000+00:00	True	58 kWh	2021	9	cars/new-cupra-born-electric-car-mist-grey-colour_58_kwh.webp	cupra-born-58-kwh	37220	329	427	160	204	150	True	2	hinterrrad	compact	6	100.0	11.0	11.0	7.3	58.0	62.0		Der Born ist das erste vollelektrische Modell von SEATs Sportmarke CUPRA. Dank des sportlich-impulsiven Designs und des hochwertig verarbeiteten Innenraums gerät die Verwandtschaft zum VW ID.3 dabei schnell in Vergessenheit. Für den CUPRA-typischen Fahrspaß sorgen ein sportlich abgestimmtes Fahrwerk und der 150 kWh | 204 starke E-Motor. Die praxisnahe Reichweite des Borns liegt bei beachtlichen 329 Kilometern, wodurch selbst gelegentliche Langstreckenfahrten problemlos möglich sind.	Der Born ist das erste vollelektrische Modell von SEATs Sportmarke CUPRA. Dank des sportlich-impulsiven Designs und des hochwertig verarbeiteten Innenraums gerät die Verwandtschaft zum VW ID.3 dabei schnell in Vergessenheit. Für den CUPRA-typischen Fahrspaß sorgen ein sportlich abgestimmtes Fahrwerk und der 150 kWh | 204 starke E-Motor. Die praxisnahe Reichweite des Borns liegt bei beachtlichen 329 Kilometern, wodurch selbst gelegentliche Langstreckenfahrten problemlos möglich sind.	False	False	400	15,4		15.4	59
cupra-born-58-kwh-e-boost	150	2022-04-30 15:55:03.067000+00:00	2022-04-30 16:06:05.687000+00:00	True	58 kWh e-Boost	2022	3	cars/new-cupra-born-electric-car-glacial-white-colour-58-kwh_e-boost.webp	cupra-born-58-kwh-e-boost	38600	323	420	160	231	170	True	2	hinterrrad	compact	8	120.0	11.0	11.0	6.6	58.0	62.0		Der Born ist das erste vollelektrische Modell von SEATs Sportmarke CUPRA. Dank des sportlich-impulsiven Designs und des hochwertig verarbeiteten Innenraums gerät die Verwandtschaft zum VW ID.3 dabei schnell in Vergessenheit. Für den CUPRA-typischen Fahrspaß sorgen ein sportlich abgestimmtes Fahrwerk und der 170 kWh | 231 PS starke E-Motor. Die praxisnahe Reichweite des Borns liegt bei beachtlichen 323 Kilometern, wodurch selbst gelegentliche Langstreckenfahrten problemlos möglich sind.	Leider haben wir noch keine Beschreibung	False	False	400	18,0-15,7		15.7	59
cupra-born-77-kwh-e-boost	151	2022-04-30 16:06:51.571000+00:00	2022-04-30 16:06:51.571000+00:00	True	77 kWh e-Boost	2022	3	cars/new-cupra-born-electric-car-aurora-blue-colour_77_kwh_e-boost.webp	cupra-born-77-kwh-e-boost	44300	422	548	160	231	170	True	3	vorderrad	compact	8	135.0	11.0	11.0	7.0	77.0	82.0		Der Born ist das erste vollelektrische Modell von SEATs Sportmarke CUPRA. Dank des sportlich-impulsiven Designs und des hochwertig verarbeiteten Innenraums gerät die Verwandtschaft zum VW ID.3 dabei schnell in Vergessenheit. Für den CUPRA-typischen Fahrspaß sorgen ein sportlich abgestimmtes Fahrwerk und der 170 kWh | 231 PS starke E-Motor. Die praxisnahe Reichweite des Borns liegt bei beachtlichen 422 Kilometern, wodurch selbst gelegentliche Langstreckenfahrten problemlos möglich sind.	Leider haben wir noch keine Beschreibung	False	False	400	17,6-15,8		15.8	59
dacia-spring-electric	64	2020-10-16 17:23:30.726000+00:00	2021-12-07 19:09:57.922000+00:00	True	Comfort	2021	3	cars/Dacia_Spring_Electric_4x3-1.png	dacia-spring-electric	20490	196	230	125	45	33	True	0	vorderrad	compact	6	30.0	4.6	6.6	19.1	27.4	30.0		Erschwinglich, solide, geräumig … und elektrisch: Der neue Dacia Spring Electric Auto für die Stadt, das die zentralen Werte der Marke Dacia mit den Vorteilen eines 100%igen Elektromotors vereint.	Leider haben wir noch keine Beschreibung	False	False	400	13,9		13.9	47
DS-3-Crossback-E-Tense-Standard	7	2020-04-20 15:48:37.188000+00:00	2022-02-25 11:02:00.241000+00:00	True	Standard	2019	3	cars/DS_DS_3_E-Tense_4x3.webp	DS-3-Crossback-E-Tense-Standard	39440	272	320	150	136	100	True	2	vorderrad	compact	6	100.0	11.0	11.0	9.1	47.5	50.0		Die hierzulande wenig bekannte Peugeot-Premiumtocher DS bietet mit dem DS3 Crossback ein E-Auto für Individualisten. Ein skulpturales Design mit markanten Details und luxuriöse Materialien, gepaart mit modernster Technik bieten ein einzigartiges Gesamtpaket.	Leider haben wir noch keine Beschreibung	False	False	400	18,3	17,8	18.3	4
ev60-220hp-64	120	2021-09-07 22:56:31.966000+00:00	2022-03-09 21:01:41.508000+00:00	True	EV60 220hp	2022	3	cars/Renault_Megane_E-Tech_60_kW.webp	ev60-220hp-64	44700	376	470	160	220	160	True	2	vorderrad	compact	6	130.0	22.0	22.0	7.4	60.0	65.0		Als großer Bruder der beliebten ZOE beeindruckt der Renault Mégane E-Tech Electric bereits auf den ersten Blick durch sein stilvolles sportliches Design. Mit dem modern gestalteten Cockpit, seinen stadttauglichen Abmessungen und einer praxisnahen Reichweite von 376 Kilometern setzt der Mégane E-Tech Electric neue Maßstäbe in der Kompaktklasse.	Als großer Bruder der beliebten ZOE beeindruckt der Renault Mégane E-Tech Electric bereits auf den ersten Blick durch sein stilvolles sportliches Design. Mit dem modern gestalteten Cockpit, seinen stadttauglichen Abmessungen und einer praxisnahen Reichweite von 376 Kilometern setzt der Mégane E-Tech Electric neue Maßstäbe in der Kompaktklasse.	False	False	400	16,1		16.1	64
fiat-500e-3-1	74	2020-12-13 17:14:43.235000+00:00	2022-02-25 09:58:41.240000+00:00	True	3+1	2020	11	cars/Fiat_500e_Limousine_31__4x3_neu.webp	fiat-500e-3-1	32990	259	305	150	118	87	True	1	vorderrad	compact	6	85.0	11.0	11.0	9.0	37.3	42.0		Der Fiat 500 wird elektrisch und läutet eine neue Epoche für die italienische Traditionsmarke ein. Der neue Fiat 500 3+1 begrüßt dich an Bord durch die hintere Magic door für noch bequemeres einsteigen in die hintere Sitzreihe.	Leider haben wir noch keine Beschreibung	False	False	400	14,3-14,6		14.3	38
fiat-500e-cabrio	55	2020-09-06 17:03:53.618000+00:00	2022-02-25 10:00:11.939000+00:00	True	Cabrio	2020	9	cars/Fiat_500e_Cabrio_4x3_neu.webp	fiat-500e-cabrio	31990	253	298	150	118	87	True	1	vorderrad	compact	6	85.0	11.0	11.0	9.0	37.3	42.0		Der Fiat 500 wird elektrisch und läutet eine neue Epoche für die italienische Traditionsmarke ein. Aber auch die E-Version bleibt unverkennbar ein Fiat 500 und eignet sich mit seiner Länge von knapp 3,63 Metern für den Stadtverkehr.	Leider haben wir noch keine Beschreibung	False	False	400	14,7-14,9		14.7	38
fiat-500e-limousine	56	2020-09-06 17:08:56.648000+00:00	2021-12-07 19:26:27.032000+00:00	True	Limousine	2020	9	cars/Fiat_500e_Limousine_4x3_neu.png	fiat-500e-limousine	30990	264	310	150	95	70	True	1	vorderrad	compact	6	85.0	11.0	11.0	9.0	37.3	42.0		Der Fiat 500 wird elektrisch und läutet eine neue Epoche für die italienische Traditionsmarke ein. Aber auch die E-Version bleibt unverkennbar ein Fiat 500 und eignet sich mit seiner Länge von knapp 3,63 Metern für den Stadtverkehr.	Leider haben wir noch keine Beschreibung	False	False	400	14-14,4		14.0	38
fiat-500e-limousine-action	73	2020-12-13 17:07:20.022000+00:00	2022-02-25 09:59:23.426000+00:00	True	Limousine Action	2020	11	cars/Fiat_500e_Limousine_Action_4x3_neu.webp	fiat-500e-limousine-action	26790	153	180	135	95	70	True	0	vorderrad	compact	6	50.0	11.0	11.0	9.5	21.3	23.8		Der Fiat 500 wird elektrisch und läutet eine neue Epoche für die italienische Traditionsmarke ein. Aber auch die E-Version bleibt unverkennbar ein Fiat 500 und eignet sich mit seiner Länge von knapp 3,63 Metern für den Stadtverkehr.	Leider haben wir noch keine Beschreibung	False	False	400	14,9		14.9	38
ford-mustang-mach-e-awd-er	72	2020-11-14 22:56:29.241000+00:00	2021-07-03 18:15:44.887000+00:00	True	AWD ER	2021	1	cars/Ford_Mustang_Mach_E_AWD_ER_4x3.png	ford-mustang-mach-e-awd-er	63700	435	540	180	348	256	True	3	Allrad	compact	6	150.0	11.0	11.0	5.1	88.0	98.7		Der Ford Mach E setzt neue Maßstäbe bei den Mittelklasse SUV. Er fällt durch seine gut abgestimmt runden Linien auf und zeigt, dass Ford auch sehr gut Design kann. Im Innenraum setzt Ford, wie bereits andere Hersteller, auf eine minimalistische Ausstattung. Dreh- und Angelpunkt des Interieurs ist das große Display mit dem die gesamte Fahrzeugsteuerung übernommen wird.	Leider haben wir noch keine Beschreibung	False	False	400	18,7		18.7	35
Ford-Mustang-Mach-E-AWD-SR	70	2020-11-14 22:45:29.868000+00:00	2021-07-03 18:16:11.475000+00:00	True	AWD SR	2021	1	cars/Ford_Mustang_Mach_E_AWD_SR_4x3.png	Ford-Mustang-Mach-E-AWD-SR	54750	338	420	180	269	198	True	2	Allrad	compact	6	115.0	11.0	11.0	5.6	68.0	75.7		Der Ford Mach E setzt neue Maßstäbe bei den Mittelklasse SUV. Er fällt durch seine gut abgestimmt runden Linien auf und zeigt, dass Ford auch sehr gut Design kann. Im Innenraum setzt Ford, wie bereits andere Hersteller, auf eine minimalistische Ausstattung. Dreh- und Angelpunkt des Interieurs ist das große Display mit dem die gesamte Fahrzeugsteuerung übernommen wird.	Leider haben wir noch keine Beschreibung	False	False	400	19,5		19.5	35
ford-mustang-mach-e-er	71	2020-11-14 22:51:54.546000+00:00	2021-07-03 18:15:57.724000+00:00	True	ER	2021	1	cars/Ford_Mustang_Mach_E_ER_4x3.png	ford-mustang-mach-e-er	54750	483	610	180	294	216	True	3	hinterrrad	compact	6	150.0	11.0	11.0	6.2	88.0	98.7		Der Ford Mach E setzt neue Maßstäbe bei den Mittelklasse SUV. Er fällt durch seine gut abgestimmt runden Linien auf und zeigt, dass Ford auch sehr gut Design kann. Im Innenraum setzt Ford, wie bereits andere Hersteller, auf eine minimalistische Ausstattung. Dreh- und Angelpunkt des Interieurs ist das große Display mit dem die gesamte Fahrzeugsteuerung übernommen wird.	Leider haben wir noch keine Beschreibung	False	False	400	16,5		16.5	35
ford-mustang-mach-e-gt	107	2021-07-18 14:00:13.247000+00:00	2022-02-25 09:25:18.332000+00:00	True	GT	2021	7	cars/Ford_Mustang_Mach_E_GT_4x3.webp	ford-mustang-mach-e-gt	72900	402	500	200	487	358	True	3	Allrad	compact	6	150.0	11.0	11.0	3.7	88.0	98.7		Leider haben wir noch keine Beschreibung	Der Ford Mach E GT setzt neue Maßstäbe im puncto Sportlichkeit bei den Mittelklasse SUV. Er fällt durch seine gut abgestimmt runden Linien auf und zeigt, dass Ford auch sehr gut Design kann. Im Innenraum setzt Ford, wie bereits andere Hersteller, auf eine minimalistische Ausstattung. Dreh- und Angelpunkt des Interieurs ist das große Display mit dem die gesamte Fahrzeugsteuerung übernommen wird.	False	False	400	20		20.0	35
Ford-Mustang-Mach-E-SR	69	2020-11-14 22:40:38.395000+00:00	2021-12-07 19:32:38.446000+00:00	True	SR	2021	1	cars/Ford_Mustang_Mach_E_SR_4x3.png	Ford-Mustang-Mach-E-SR	47500	370	450	180	269	198	True	2	hinterrrad	compact	6	115.0	11.0	11.0	6.1	68.0	75.7		Der Ford Mach E setzt neue Maßstäbe bei den Mittelklasse SUV. Er fällt durch seine gut abgestimmt runden Linien auf und zeigt, dass Ford auch sehr gut Design kann. Im Innenraum setzt Ford, wie bereits andere Hersteller, auf eine minimalistische Ausstattung. Dreh- und Angelpunkt des Interieurs ist das große Display mit dem die gesamte Fahrzeugsteuerung übernommen wird.	Leider haben wir noch keine Beschreibung	False	False	400	17,2		17.2	35
Honda-E-Advance	9	2020-04-20 16:01:09.540000+00:00	2022-02-25 11:00:34.853000+00:00	True	Advance	2020	5	cars/Honda_Honda_e_advance_4x3.webp	Honda-E-Advance	38000	198	220	145	154	113	True	0	hinterrrad	compact	6	56.0	4.6	6.6	8.3	32.0	35.5		Das auffällige Retro Design des Honda e erinnert an den ersten Civic aus den 70er Jahren, jedoch in einer schnittigen neuen Interpretation.  Dank der ultra-kompakten Abmessungen und des kräftigen Elektroantriebs an der Hinterachse ist der Honda e unheimlich agil und wie gemacht für enge Verkehrssituationen.	Leider haben wir noch keine Beschreibung	False	False	400		20-18	18.0	6
Honda-E-Standard	8	2020-04-20 15:56:52.742000+00:00	2022-02-25 11:01:19.527000+00:00	True	Standard	2020	2	cars/Honda_Honda_e_4x3.webp	Honda-E-Standard	33850	198	220	145	136	100	True	0	hinterrrad	compact	6	56.0	4.6	6.6	9.5	32.0	35.5		Das auffällige Retro Design des Honda e erinnert an den ersten Civic aus den 70er Jahren, jedoch in einer schnittigen neuen Interpretation. Dank der ultra-kompakten Abmessungen und des kräftigen Elektroantriebs an der Hinterachse ist der Honda e unheimlich agil und wie gemacht für enge Verkehrssituationen.	Leider haben wir noch keine Beschreibung	False	False	400				6
hyundai-ioniq-5-58-kwh-2wd	105	2021-07-05 12:07:39.899000+00:00	2022-02-25 09:27:14.971000+00:00	True	58 kWh 2WD	2021	1	cars/Hyundai_Ioniq_5-_58_kWh-2WD_4x3.webp	hyundai-ioniq-5-58-kwh-2wd	41900	326	384	185	170	125	True	3	hinterrrad	compact	6	180.0	11.0	11.0	8.5	58.0	62.0		Mit dem Ioniq 5 setzt Hyundai unter den Mittelklasse SUVs im Bereich Technik neue Maßstäbe. Das brandneue 800 Volt Bordnetz erlauben es, den Ioniq 5 unter Idealbedingungen in 18 Minuten von 20 bis 80 Prozent zu laden. Prädikat: „Herausragend“.	Leider haben wir noch keine Beschreibung	False	False	400	16,7		16.7	51
hyundai-ioniq-5-58-kwh-4wd	106	2021-07-05 12:50:28.184000+00:00	2022-02-25 09:26:12.376000+00:00	True	58 kWh 4WD	2021	1	cars/Hyundai_Ioniq_5-_58_kWh-AWD_4x3.webp	hyundai-ioniq-5-58-kwh-4wd	45700	306	360	185	235	173	True	3	hinterrrad	compact	6	180.0	11.0	11.0	6.1	58.0	62.0		Leider haben wir noch keine Beschreibung	Leider haben wir noch keine Beschreibung	False	False	400	18,1		18.1	51
hyundai-ioniq-5-72-kwh-2wd	104	2021-07-05 11:54:13.467000+00:00	2022-02-25 09:28:16.967000+00:00	True	72,6 kWh 2WD	2021	1	cars/Hyundai_Ioniq_5-_726_kWh-2WD_4x3.webp	hyundai-ioniq-5-72-kwh-2wd	45100	383	451	185	218	160	True	3	hinterrrad	compact	6	220.0	11.0	11.0	7.4	72.6	77.4		Leider haben wir noch keine Beschreibung	Leider haben wir noch keine Beschreibung	False	False	400	16,8-17,9		16.8	51
hyundai-ioniq-5-72-kwh-4wd	85	2021-03-01 00:07:32.790000+00:00	2022-02-25 09:50:00.691000+00:00	True	72,6 kWh 4WD	2021	2	cars/Hyundai_Ioniq_5-_726_kWh-AWD_4x3.webp	hyundai-ioniq-5-72-kwh-4wd	48900	366	430	185	306	225	True	3	Allrad	compact	6	220.0	11.0	11.0	5.2	72.6	77.4		Leider haben wir noch keine Beschreibung	Leider haben wir noch keine Beschreibung	False	False	400	17,7-19,0		17.7	51
Hyundai-Ioniq-Elektro	10	2020-04-20 16:05:11.842000+00:00	2022-02-25 10:59:54.087000+00:00	True	Elektro	2016	11	cars/Hyundai_IQONIC_4x3-2_4w4Uczn.webp	Hyundai-Ioniq-Elektro	35350	274	311	165	136	100	True	0	vorderrad	compact	6	50.0	4.6	7.2	9.9	38.3		3540.0	Der Hyundai Ioniq Elektro beweist, dass es nicht immer ein SUV sein muss, denn er vereint eine angenehme Sitzposition mit großem Ladevolumen und ist trotzdem extrem effizient.	Leider haben wir noch keine Beschreibung	False	False	400		13,8	13.8	8
Hyundai-Kona-Elektro-39-kWh	11	2020-04-21 18:09:32.926000+00:00	2022-02-25 10:59:16.408000+00:00	True	39 kWh	2018	2	cars/Hyundai_Kona_Elektro_MY21_39_kWh_4x3.webp	Hyundai-Kona-Elektro-39-kWh	35650	281	305	155	136	100	True	1	vorderrad	compact	6	50.0	11.0	11.0	9.7	39.2	42.0		Der Hyundai Kona Elektro bietet ein trendiges Design, solide Reichweite und ein modernes Interieur mit großem Touch-Display. Trotz seiner kompakten Abmessungen ist reichlich Platz im Innenraum vorhanden.	Leider haben wir noch keine Beschreibung	False	False	400	14,3	15	14.3	7
Hyundai-Kona-Elektro-64-kWh	12	2020-04-21 18:12:07.029000+00:00	2022-02-25 10:59:11.146000+00:00	True	64 kWh	2018	2	cars/Hyundai_Kona_Elektro_MY21_64kWh_4x3.webp	Hyundai-Kona-Elektro-64-kWh	41850	445	484	180	204	150	True	2	vorderrad	compact	6	80.0	11.0	11.0	7.6	64.0	67.1	1663.0	Der Hyundai Kona Elektro bietet ein trendiges Design, überdurchschnittliche Reichweite und ein modernes Interieur mit großem Touch-Display. Trotz seiner kompakten Abmessungen ist reichlich Platz im Innenraum vorhanden.	Leider haben wir noch keine Beschreibung	False	False	400	14,7	15,4	14.7	7
jaguar-i-pace-ev320-sondermodell	57	2020-09-08 22:05:51.595000+00:00	2021-02-11 10:35:13.809000+00:00	True	EV320	2020	8	cars/Jaguar_I_Pace_rendering_4x3_zPZ39hV.png	jaguar-i-pace-ev320-sondermodell	77300	377	470	180	321	236	True	2	Allrad	compact	6	100.0	11.0	11.0	6.4	84.7	90.0		Der Jaguar I-Pace bietet getreu der Firmentradition hervorragendes Handling und ein luxuriöses Interieur. Als reines Elektroauto konzipiert, erlaubt die Plattform ein eigenständiges Design, welches sich von der Masse abhebt und trotz kompakter Abmessungen viel Platz im Innenraum bietet.	Leider haben wir noch keine Beschreibung	False	False	400	25,2-22		22.0	9
Jaguar-I-Pace-EV400	13	2020-04-21 18:14:41.841000+00:00	2022-02-25 10:56:39.070000+00:00	True	EV400	2018	9	cars/Jaguar_I_Pace_rendering_4x3.webp	Jaguar-I-Pace-EV400	77300	377	470	200	400	294	True	2	Allrad	compact	6	100.0	11.0	11.0	4.8	84.7	90.0		Der Jaguar I-Pace bietet getreu der Firmentradition hervorragendes Handling und ein luxuriöses Interieur. Als reines Elektroauto konzipiert, erlaubt die Plattform ein eigenständiges Design, welches sich von der Masse abhebt und trotz kompakter Abmessungen viel Platz im Innenraum bietet.	Leider haben wir noch keine Beschreibung	False	False	400		24,8-22	22.0	9
Kia-e-Niro-39-kwh	14	2020-04-21 18:17:02.065000+00:00	2022-02-25 10:55:49.706000+00:00	True	39 kWh	2018	12	cars/Kia-e-Niro_39_kw_4x3.webp	Kia-e-Niro-39-kwh	38290	248	289	155	136	100	True	1	vorderrad	compact	6	50.0	11.0	11.0	9.7	39.2	42.0		Mit klassenbestem Ladevolumen setzt sich der Kia e-Niro von der Konkurrenz ab. Gepaart mit seinem gefälligen Look, überdurchschnittlicher Reichweite und einem stilvollen Interieur bietet er ein rundum stimmiges Paket.	Leider haben wir noch keine Beschreibung	False	False	400		15,3	15.3	10
Kia-e-Niro-64-kWh	15	2020-04-21 18:19:20.947000+00:00	2022-02-25 10:55:03.660000+00:00	True	64 kWh	2018	12	cars/Kia-e-Niro_64_kw_4x3.webp	Kia-e-Niro-64-kWh	42790	385	455	180	204	150	True	2	vorderrad	compact	6	80.0	11.0	11.0	7.6	64.0	67.1	1842.0	Der Kia e-Niro hat ein erstklassiges Ladevolumen und hebt sich damit von der Konkurrenz ab. In Kombination mit seinem angenehmen Erscheinungsbild, der überdurchschnittlichen Reichweite und dem stilvollen Interieur bietet er ein rundum stimmiges Paket.	Leider haben wir noch keine Beschreibung	False	False	400		15,9	15.9	10
Kia-e-Soul-39-kWh	16	2020-04-21 18:23:49.066000+00:00	2022-02-25 10:54:15.615000+00:00	True	39 kWh	2019	4	cars/Kia_e-Soul_39kW_4x3.webp	Kia-e-Soul-39-kWh	38090	239	276	155	136	100	True	1	vorderrad	compact	6	50.0	11.0	11.0	9.9	39.2	42.0		Mit dem innovativen e-Soul setzt Kia voll und ganz auf Elektroantrieb. Das würfelförmige Design hebt sich auffällig von weiteren Fahrzeugen ab und ist zusätzlich außerordentlich praxistauglich. Der Innenraum ist stylish designt und ausgestattet mit einem überdurchschnittlich großen Touch-Display.	Leider haben wir noch keine Beschreibung	False	False	400		15,6	15.6	11
Kia-e-Soul-64-kWh	17	2020-04-21 18:25:43.707000+00:00	2022-02-25 10:52:41.241000+00:00	True	64 kWh	2019	4	cars/Kia_e-Soul_64_kW_4x3.webp	Kia-e-Soul-64-kWh	42390	391	452	180	204	150	True	2	vorderrad	compact	6	80.0	11.0	11.0	7.9	64.0	67.1	1799.0	Mit dem neuen e-Soul setzt Kia voll und ganz auf Elektroantrieb. Das würfelförmige Design hebt sich auffällig von anderen Fahrzeugen ab und ist zudem äußerst praktisch. Auch der Innenraum ist sehr stylish gestaltet und bietet ein überdurchschnittlich großes Touch-Display.	Leider haben wir noch keine Beschreibung	False	False	400	15,7	15,7	15.7	11
kia-ev6-58-kwh-rwd	122	2021-10-21 07:15:48.531000+00:00	2022-02-25 09:12:42.956000+00:00	True	58 kWh RWD	2021	10	cars/kia-ev6-58kwh-rwd-4x3_tEfMpJn.webp	kia-ev6-58-kwh-rwd	44990	335	394	185	170	125	True	3	hinterrrad	compact	8	175.0	11.0	11.0	8.5	58.0	62.0		Mit dem imposanten Design, 800-Volt-Bordnetz, hoher Ladeleistung und einem ansehnlichen Interieur weiß der KIA EV6 zu begeistern - optisch wie technisch. Über 300 Kilometer Reichweite, ein reisetauglicher Stauraum und eine umfangreiche Serienausstattung machen den EV6 zu einem der spannendsten Crossover-Modelle am Markt.	Leider haben wir noch keine Beschreibung	False	False	400	16,6		16.6	57
kia-ev6-77-kwh-awd	124	2021-10-21 08:18:34.988000+00:00	2022-02-25 09:11:01.602000+00:00	True	77,4 kWh AWD	2021	10	cars/kia-ev6-77kwh-awd-4x3.webp	kia-ev6-77-kwh-awd	52890	411	484	185	325	239	True	3	Allrad	compact	8	240.0	11.0	11.0	5.2	77.4	82.5		Mit dem imposanten Design, 800-Volt-Bordnetz, hoher Ladeleistung und einem sportlichen Antrieb weiß der KIA EV6 zu begeistern - optisch wie technisch. Rund 400 Kilometer Reichweite, ein reisetauglicher Stauraum und eine umfangreiche Serienausstattung machen den EV6 zu einem der spannendsten Crossover-Modelle am Markt.	Leider haben wir noch keine Beschreibung	False	False	400	17,2-18		17.2	57
kia-ev6-77-kwh-rwd	123	2021-10-21 07:51:46.450000+00:00	2022-02-25 09:11:43.614000+00:00	True	77,4 kWh RWD	2021	10	cars/kia-ev6-77kwh-rwd-4x3.webp	kia-ev6-77-kwh-rwd	48990	428	504	185	228	168	True	3	hinterrrad	compact	8	240.0	11.0	11.0	7.3	77.4	82.5		Mit dem imposanten Design, 800-Volt-Bordnetz, hoher Ladeleistung und einem ansehnlichen Interieur weiß der KIA EV6 zu begeistern - optisch wie technisch. Über 400 Kilometer Reichweite, ein reisetauglicher Stauraum und eine umfangreiche Serienausstattung machen den EV6 zu einem der spannendsten Crossover-Modelle am Markt.	Leider haben wir noch keine Beschreibung	False	False	400	16,5-17,2		16.5	57
kia-ev6-gt	146	2022-04-18 13:32:54.468000+00:00	2022-04-18 13:35:59.773000+00:00	True	GT	2022	4	cars/kia-ev6-77kwh-GT-awd-4x3.webp	kia-ev6-gt	65990	360	424	260	585	430	True	3	Allrad	compact	6	240.0	11.0	11.0	3.5	77.4	82.5		Mit dem imposanten Design, 800-Volt-Bordnetz, hoher Ladeleistung und sportwagenähnlichen Leistungswerten weiß der KIA EV6 GT zu begeistern - optisch wie technisch. Über 300 Kilometer Reichweite, ein reisetauglicher Stauraum und eine umfangreiche Serienausstattung machen den EV6 GT zu einem sportlichen Crossover auf Porsche Taycan Niveau.	Leider haben wir noch keine Beschreibung	False	False	400	20,6		20.6	57
kia-niro-ev-64-kwh	147	2022-04-21 15:57:51.267000+00:00	2022-07-01 12:24:03.887000+00:00	True	64,8 kWh	2022	6	cars/KIA_Niro_EV_64_kWh_2022_4x3_2022.webp	kia-niro-ev-64-kwh	39990	394	463	167	204	150	True	3	hinterrrad	compact	6	80.0	11.0	11.0	7.8	64.8	68.0		Leider haben wir noch keine Beschreibung	Leider haben wir noch keine Beschreibung	False	False	400	15,9	12.5	15.9	69
lexus-rz-450e	152	2022-05-04 21:47:20.778000+00:00	2022-05-04 21:48:26.049000+00:00	True	450e	2022	4	cars/Lexus_rz_4x3_-_3.webp	lexus-rz-450e	60000	320	400	160	313	230	True	2	Allrad	compact	4	150.0	4.6	6.6	5.6	71.4	75.0		Leider haben wir noch keine Beschreibung	Leider haben wir noch keine Beschreibung	False	False	400	18		18.0	72
lexus-ux-300e	75	2020-12-24 15:31:52.321000+00:00	2022-02-25 09:57:01.377000+00:00	True	300e	2021	1	cars/Lexus_UX_rendering_4x3.webp	lexus-ux-300e	47550	259	305	160	204	150	True	0	vorderrad	compact	6	50.0	4.6	6.6	7.5	54.3	52.0		Der erste vollelektrische Lexus realisiert den nächsten Schritt der Mobilität von morgen. Der neue UX 300e vereint sportliche Agilität mit präzisem Handling. Der vollelektrische UX Crossover vereint markante Lexus Designelemente wie den charakteristischen Kühlergrill, die kraftvolle Linienführung und eine sportliche coupé-ähnliche Silhouette.	Leider haben wir noch keine Beschreibung	False	False	400	16,8-17,1		16.8	48
mazda-mx-30	45	2020-05-29 13:47:12.287000+00:00	2022-04-21 22:28:51.183000+00:00	True	Standard	2020	3	cars/Mazda_MX-30_2_4x3.webp	mazda-mx-30	34490	160	200	140	145	107	True	0	vorderrad	compact	6	50.0	11.0	11.0	9.7	30.5	35.5		Steigen Sie in die Elektromobilität ein und nehmen Sie Platz im hochwertigen Innenraum des neuen Mazda MX-30. Neben einem unverwechselbaren Design erwarten Sie innovative Technologien, einzigartiges Handling und ein elektrisierendes Fahrgefühl.	Leider haben wir noch keine Beschreibung	False	False	400	19	17,3	19.0	12
mercedes-benz-eqa-250	76	2021-01-24 16:40:56.258000+00:00	2022-02-25 09:56:26.717000+00:00	True	250	2021	2	cars/EQA-250-4x3_HTAAu7f.webp	mercedes-benz-eqa-250	47541	362	426	160	190	140	True	2	vorderrad	compact	6	100.0	11.0	11.0	8.9	66.5	79.8		Mit dem EQA stellt Mercedes ihren ersten vollelektrischen Kompaktwagen vor. Ein elektrischer Verwandter des GLA.	Leider haben wir noch keine Beschreibung	False	False	400	17,7	15,7	17.7	49
mercedes-benz-eqa-250-plus	144	2022-03-22 21:01:50.783000+00:00	2022-04-22 20:14:51.338000+00:00	True	250+	2022	3	cars/Mercedes_EQA_250_4x3.webp	mercedes-benz-eqa-250-plus	55960	459	540	160	190	140	True	3	vorderrad	compact	8	100.0	11.0	11.0	9.1	70.5	83.8		Mit dem EQA stellt Mercedes ihren ersten vollelektrischen Kompaktwagen vor. Ein elektrischer Verwandter des GLA.	Leider haben wir noch keine Beschreibung	False	False	400	14,9		14.9	49
mercedes-benz-eqa-300-4matic	92	2021-05-14 10:20:31.202000+00:00	2022-03-22 21:04:45.922000+00:00	True	300 4MATIC	2021	4	cars/EQA-300-4MATIC-4x3.webp	mercedes-benz-eqa-300-4matic	53538	348	409	160	228	168	True	2	Allrad	compact	6	100.0	11.0	11.0	7.7	66.5	79.8		Leider haben wir noch keine Beschreibung	Leider haben wir noch keine Beschreibung	False	False	400	17,5-18,5		18.5	49
mercedes-benz-eqa-350-4matic	93	2021-05-14 10:23:45.558000+00:00	2022-03-22 21:04:34.061000+00:00	True	350 4MATIC	2021	4	cars/EQA-350-4MATIC-4x3_JPT3DMB.webp	mercedes-benz-eqa-350-4matic	56216	340	400	160	292	215	True	2	Allrad	compact	6	100.0	11.0	11.0	6.0	66.5	79.8		Leider haben wir noch keine Beschreibung	Leider haben wir noch keine Beschreibung	False	False	400	17,5-18,5		18.5	49
mercedes-benz-eqb-250	140	2022-02-23 23:50:09.982000+00:00	2022-04-11 10:18:27.720000+00:00	True	250	2022	2	cars/Mercedes-EQB-250-4x3_small.webp	mercedes-benz-eqb-250	52235	349	433	160	190	140	True	2	vorderrad	compact	5	100.0	11.0	11.0	9.2	66.5	79.8		Mit dem EQB bietet Mercedes erstmals auch ein familientaugliches Modell der neuen vollelektrischen EQ-Reihe an. Neueste Technologien, wie die Augmented-Reality Navigation, welche Routenhinweise auf eine Echtzeitansicht der Straße projiziert, treffen auf klassische Mercedes-Benz Qualitäten wie herausragende Verarbeitung und Fahrkomfort. Eine gute Sitzposition, bis zu 7 Sitzplätze, ausreichend Stauraum und eine alltagstaugliche Reichweite lassen den EQB zu einem richtigen Allrounder werden.	Leider haben wir noch keine Beschreibung	False	False	400	17,8-16,3		16.3	61
mercedes-benz-eqb-300-4matic	118	2021-09-06 22:29:30.224000+00:00	2022-02-25 09:16:18.955000+00:00	True	300 4MATIC	2021	12	cars/Mercedes-EQB-300-4Matic_small_4x3.webp	mercedes-benz-eqb-300-4matic	55311	340	422	160	228	168	True	2	Allrad	compact	8	100.0	11.0	11.0	8.0	66.5	79.8		Mit dem EQB bietet Mercedes erstmals auch ein familientaugliches Modell der neuen vollelektrischen EQ-Reihe an. Neueste Technologien, wie die Augmented-Reality Navigation, welche Routenhinweise auf eine Echtzeitansicht der Straße projiziert, treffen auf klassische Mercedes-Benz Qualitäten wie herausragende Verarbeitung und Fahrkomfort. Eine gute Sitzposition, bis zu 7 Sitzplätze, ausreichend Stauraum und eine alltagstaugliche Reichweite lassen den EQB zu einem richtigen Allrounder werden.	Mit dem EQB bietet Mercedes erstmals auch ein familientaugliches Modell der neuen vollelektrischen EQ-Reihe an. Neueste Technologien, wie die Augmented-Reality Navigation, welche Routenhinweise auf eine Echtzeitansicht der Straße projiziert, treffen auf klassische Mercedes-Benz Qualitäten wie herausragende Verarbeitung und Fahrkomfort. Eine gute Sitzposition, bis zu 7 Sitzplätze, ausreichend Stauraum und eine alltagstaugliche Reichweite lassen den EQB zu einem richtigen Allrounder werden.	False	False	400	19,4-18,1	16,2	18.1	61
mercedes-benz-eqb-350-4matic	100	2021-06-07 09:58:59.500000+00:00	2022-02-25 09:32:30.455000+00:00	True	350 4MATIC	2021	12	cars/Mercedes-EQB-350_4Matic_4x3_small.webp	mercedes-benz-eqb-350-4matic	57989	340	422	160	292	215	True	2	Allrad	compact	7	100.0	11.0	11.0	6.5	66.5	79.8		Mit dem EQB bietet Mercedes erstmals auch ein familientaugliches Modell der neuen vollelektrischen EQ-Reihe an. Neueste Technologien, wie die Augmented-Reality Navigation, welche Routenhinweise auf eine Echtzeitansicht der Straße projiziert, treffen auf klassische Mercedes-Benz Qualitäten wie herausragende Verarbeitung und Fahrkomfort. Eine gute Sitzposition, bis zu 7 Sitzplätze, ausreichend Stauraum und eine alltagstaugliche Reichweite lassen den EQB zu einem richtigen Allrounder werden.	Leider haben wir noch keine Beschreibung	False	False	400	19,4-18,1		18.1	61
Mercedes-Benz-EQC-400-4MATIC	18	2020-04-21 18:28:32.555000+00:00	2022-02-25 10:51:40.748000+00:00	True	400 4MATIC	2019	5	cars/Mercedes-EQC-400-4MATIC_small_4x3.webp	Mercedes-Benz-EQC-400-4MATIC	66069	330	360	180	408	300	True	2	Allrad	compact	10	110.0	11.0	11.0	5.1	80.0	85.0	1914.0	Mit dem EQC läutet Mercedes die Baureihe der neuen EQ-Elektromodelle ein. Neueste Technologien, wie die Augmented-Reality Navigation, welche Routenhinweise auf eine Echtzeitansicht der Straße projiziert, treffen auf klassische Mercedes-Benz Qualitäten wie herausragende Verarbeitung und Fahrkomfort.	Leider haben wir noch keine Beschreibung	False	False	400	21,5 kWh/100km	19,4-21,9	21.9	13
mercedes-benz-eqs-350	125	2021-11-13 19:00:02.906000+00:00	2022-02-25 09:10:23.738000+00:00	True	350	2021	11	cars/Mercedes_EQS_350_black_4x3.webp	mercedes-benz-eqs-350	97806	479	638	210	292	215	False	3	hinterrrad	compact	7	170.0	22.0	22.0	6.6	90.6	95.0		Leider haben wir noch keine Beschreibung	Leider haben wir noch keine Beschreibung	False	False	400	20,0-16,4		16.4	56
mercedes-benz-eqs-450-4matic	153	2022-05-09 21:29:32.422000+00:00	2022-07-01 12:23:59.945000+00:00	True	450 4MATIC	2022	4	cars/Mercedes_EQS_450_4MATIC.webp	mercedes-benz-eqs-450-4matic	111134	534	685	210	360	265	False	3	Allrad	compact	6	200.0	22.0	22.0	5.6	107.8	112.0		Leider haben wir noch keine Beschreibung	Leider haben wir noch keine Beschreibung	False	False	400	18	12.5	18.0	56
mercedes-benz-eqs-450plus	108	2021-08-11 23:21:16.407000+00:00	2022-02-25 09:24:36.261000+00:00	True	450+	2021	8	cars/Mercedes_EQS_450_grey_4x3.webp	mercedes-benz-eqs-450plus	106374	563	784	210	333	245	False	3	hinterrrad	compact	7	200.0	22.0	22.0	6.2	107.8	112.0		Leider haben wir noch keine Beschreibung	Leider haben wir noch keine Beschreibung	False	False	400	19,8-15,8	18,9-16,2	15.8	56
mercedes-benz-eqs-500-4matic	154	2022-05-09 22:15:11.182000+00:00	2022-07-01 12:27:05.234000+00:00	True	500 4MATIC	2022	4	cars/Mercedes_EQS_500_night_blue_4x3.webp	mercedes-benz-eqs-500-4matic	123153	534	685	210	449	330	False	3	Allrad	compact	6	200.0	22.0	22.0	4.8	107.8	112.0		Leider haben wir noch keine Beschreibung	Leider haben wir noch keine Beschreibung	False	False	400	18	18	18.0	56
mercedes-benz-eqs-580-4matic	109	2021-08-11 23:26:40.180000+00:00	2022-02-25 09:23:42.235000+00:00	True	580 4MATIC	2021	8	cars/Mercedes_EQS_580_first_edition_4x3.webp	mercedes-benz-eqs-580-4matic	135529	575	676	210	523	385	False	3	Allrad	compact	7	200.0	22.0	22.0	4.3	107.8	112.0		Leider haben wir noch keine Beschreibung	Leider haben wir noch keine Beschreibung	False	False	400	21,4-18,3	19,6-17,6	18.3	56
mercedes-benz-eqs-suv-450plus	149	2022-04-24 12:58:51.662000+00:00	2022-04-24 12:58:51.662000+00:00	True	450+	2022	4	cars/Mercedes_EQS_450_4MATIC_4x3.webp	mercedes-benz-eqs-suv-450plus	110000	528	660	210	360	265	False	3	hinterrrad	compact	6	200.0	22.0	22.0	7.0	107.8	112.0		Leider haben wir noch keine Beschreibung	Leider haben wir noch keine Beschreibung	False	False	400	23,0-18,6		18.6	71
mercedes-eqe-350	117	2021-09-06 22:19:34.601000+00:00	2022-03-16 00:32:19.432000+00:00	True	350+	2022	1	cars/Mercedes-EQE-350-4x3.webp	mercedes-eqe-350	70627	502	660	210	292	215	True	3	hinterrrad	compact	7	170.0	22.0	22.0	6.4	90.6	95.0		Mit dem EQE setzt Mercedes neue Maßstäbe im Segment der vollelektrischen Businesslimousinen. Eine reale Reichweite von über 500 Kilometern, ein üppiges Raumangebot und der fast 1,41 Meter breite MBUX-Hyperscreen sprechen für sich.	Mit dem EQE setzt Mercedes neue Maßstäbe im Segment der vollelektrischen Businesslimousinen. Eine reale Reichweite von über 500 Kilometern, ein üppiges Raumangebot und der fast 1,41 Meter breite MBUX-Hyperscreen sprechen für sich.	False	False	400	19,3-15,7		15.7	63
mercedes-eqe-43-4matic	143	2022-03-16 00:37:49.846000+00:00	2022-03-16 00:39:26.669000+00:00	True	43 4MATIC	2022	3	cars/Mercedes-EQE-43-4Matic-4x3.webp	mercedes-eqe-43-4matic	103828	405	533	210	476	350	False	3	Allrad	compact	6	170.0	22.0	22.0	4.2	90.6	95.0		Mit dem EQE setzt Mercedes neue Maßstäbe im Segment der vollelektrischen Businesslimousinen. Eine reale Reichweite von über 400 Kilometern, ein üppiges Raumangebot und der fast 1,41 Meter breite MBUX-Hyperscreen sprechen für sich.	Leider haben wir noch keine Beschreibung	False	False	400	22,5-19,7		19.7	63
mercedes-eqs-53-4matic-plus	119	2021-09-06 22:50:23.213000+00:00	2022-02-25 09:15:23.345000+00:00	True	53 4MATIC	2022	3	cars/Mercedes-AMG_EQS_53_4MATIC4x3.webp	mercedes-eqs-53-4matic-plus	152546	438	584	250	761	560	False	3	Allrad	compact	8	200.0	22.0	22.0	3.4	107.8	112.0		Leider haben wir noch keine Beschreibung	Leider haben wir noch keine Beschreibung	False	False	400	23,9-21,5		21.5	56
mercedes-eqv-300	44	2020-05-29 13:07:40.727000+00:00	2022-02-25 10:10:55.065000+00:00	True	300	2020	6	cars/Mercedes_EQC_4x3.webp	mercedes-eqv-300	71388	296	348	160	204	150	True	2	vorderrad	compact	6	110.0	11.0	11.0	10.0	90.0	100.0		Mit dem EQV ergänzt Mercedes seine EQ-Baureihen um ein wahres Raumwunder. Platz für bis zu 8 Personen, standardmäßige 1030 Liter Stauraum, gepaart mit neuesten Technologien, wie dem MBUX System inkl. intelligenten Sprachassistenten treffen auf klassische Mercedes-Benz Qualitäten wie herausragende Verarbeitung und Fahrkomfort.	Leider haben wir noch keine Beschreibung	False	False	400	28,1	26,3	28.1	36
Mini-Cooper-SE	19	2020-04-21 18:32:01.907000+00:00	2022-03-18 09:46:35.178000+00:00	True	SE	2020	3	cars/MINI_SE_Facelift_4x3.webp	Mini-Cooper-SE	32500	177	225	150	184	135	True	0	vorderrad	compact	9	50.0	11.0	11.0	7.3	28.9	32.6		Mit seinem klassischen Retro-Design ist der Mini Cooper SE nach wie vor ein einzigartiger Anblick im Straßenverkehr. Ein hochwertiger Innenraum und dynamisches Fahrverhalten lassen den Wunsch aufkommen, einfach noch etwas weiter zu fahren.	Leider haben wir noch keine Beschreibung	False	False	400	17,6-15,2	16,8-14,8	15.2	14
Nissan-Leaf-e-plus-60kWh	20	2020-04-21 18:34:53.022000+00:00	2022-02-25 10:48:54.842000+00:00	True	e+ (60kWh)	2019	1	cars/Nissan_leaf_e_4x3.webp	Nissan-Leaf-e-plus-60kWh	37550	364	385	144	218	160	True	0	vorderrad	compact	6	50.0	4.6	6.6	7.0	60.0	62.0		Der Nissan Leaf zählt zu den absoluten E-Auto Pionieren. 2018 hat er eine Generalüberholung erhalten, die ihm mehr Reichweite und neue Technik spendiert hat.	Leider haben wir noch keine Beschreibung	False	False	400		18,5	18.5	15
Nissan-Leaf-Standard-40kWh	21	2020-04-21 18:36:45.235000+00:00	2022-02-25 10:48:08.556000+00:00	True	Standard (40kWh)	2018	1	cars/Nissan_leaf_4x3.webp	Nissan-Leaf-Standard-40kWh	29990	242	270	144	150	110	True	0	vorderrad	compact	6	50.0	4.6	6.6	7.9	38.0	40.0		Der Nissan Leaf zählt zu den absoluten E-Auto Pionieren. 2018 hat er eine Generalüberholung erhalten, die ihm mehr Reichweite und neue Technik spendiert hat.	Leider haben wir noch keine Beschreibung	False	False	400		20,6	20.6	15
Opel-Corsa-E-Standard	22	2020-04-21 18:43:36.549000+00:00	2022-02-25 10:47:26.988000+00:00	True	Standard	2019	6	cars/Opel_Corsa-e_4x3_400x300.webp	Opel-Corsa-E-Standard	29900	305	359	150	136	100	True	2	vorderrad	compact	5	100.0	11.0	11.0	8.1	47.5	50.0		Ein schnittiges, modernes Design gepaart mit hervorragendem Preis-Leistungs-Verhältnis und moderner Technik bietet ein rundum empfehlenswertes Paket.	Leider haben wir noch keine Beschreibung	False	False	400	16,8	17	16.8	17
opel-mokka-e	62	2020-09-26 09:26:37.482000+00:00	2021-12-06 22:49:30.175000+00:00	True	Standard	2020	9	cars/Opel_mokka-e-4x3.png	opel-mokka-e	34110	287	338	150	136	100	True	2	vorderrad	compact	6	100.0	11.0	11.0	9.0	45.0	50.0		Der Opel Mokka-e ist das erste rein elektrische SUV der deutschen Traditionsmarke. Ein schnittiges, modernes Design gepaart mit hervorragendem Preis/Leistungsverhältnis und moderner Technik bietet ein rundum empfehlenswertes Paket.	Leider haben wir noch keine Beschreibung	False	False	400	17,8-17,4		17.4	44
Peugeot-e-2008-standard	24	2020-04-21 18:49:51.917000+00:00	2022-02-25 10:46:18.299000+00:00	True	Standard	2019	11	cars/Peugeot_2008-e_4x3.webp	Peugeot-e-2008-standard	35450	291	342	150	136	100	True	2	vorderrad	compact	6	100.0	11.0	11.0		47.5	50.0		Der Peugeot e-2008 läutet eine neue Epoche für die französische Traditionsmarke ein. Ein schnittiges, modernes Design gepaart mit hervorragendem Preis/Leistungsverhältnis und moderner Technik bietet ein rundum empfehlenswertes Paket.	Leider haben wir noch keine Beschreibung	False	False	400	17,8		17.8	19
Peugeot-e-208	23	2020-04-21 18:46:42.196000+00:00	2022-02-25 10:46:52.409000+00:00	True	Standard	2019	6	cars/Peugeot_208-e_4x3.webp	Peugeot-e-208	31950	308	362	150	136	100	True	2	vorderrad	compact	6	100.0	11.0	11.0	8.1	47.5	50.0		Der Peugeot e-208 läutet eine neue Epoche für die französische Traditionsmarke ein. Ein schnittiges, modernes Design gepaart mit hervorragendem Preis/Leistungsverhältnis und moderner Technik bietet ein rundum empfehlenswertes Paket.	Leider haben wir noch keine Beschreibung	False	False	400	17,6	16,9	17.6	18
Polestar-2	25	2020-04-21 18:55:11.920000+00:00	2022-04-01 21:19:45.740000+00:00	True	Long Range Dual Motor	2020	5	cars/Polestar_2_4x3.webp	Polestar-2	50970	400	450	205	408	300	True	3	Allrad	compact	4	150.0	11.0	11.0	4.7	75.0	78.0		Der Polestar 2 ist das erste Modell der auf Elektroautos spezialisierte Schwestermarke von Volvo für den Massenmarkt. Auffällig sind die Designelemente, die Stufenhecklimousine und Crossover vereinen.	Leider haben wir noch keine Beschreibung	False	False	400	20,3-19,5		19.5	20
polestar-2-long-range-single-motor	102	2021-07-04 18:36:19.441000+00:00	2022-04-01 21:19:33.760000+00:00	True	Long Range Single Motor	2021	4	cars/Polestar-2-Long-Range-Single-Motor_4x3.webp	polestar-2-long-range-single-motor	48500	434	540	160	170	231	True	3	vorderrad	compact	5	150.0	11.0	11.0	7.4	75.0	78.0		Der Polestar 2 ist das erste Modell der auf Elektroautos spezialisierte Schwestermarke von Volvo für den Massenmarkt. Auffällig sind die Designelemente, die Stufenhecklimousine und Crossover vereinen.	Leider haben wir noch keine Beschreibung	False	False	400	18,3-17,1		17.1	20
polestar-2-standard-range-single-motor	103	2021-07-04 18:39:44.097000+00:00	2022-04-01 21:21:39.274000+00:00	True	Standard Range Single Motor (bis 2021)	2021	4	cars/Polestar-2-Standard-Range-Single-Motor_4x3.webp	polestar-2-standard-range-single-motor	45500	344	440	160	165	224	True	2	vorderrad	compact	5	125.0	11.0	11.0	7.4	61.0	64.0		Der Polestar 2 ist das erste Modell der auf Elektroautos spezialisierte Schwestermarke von Volvo für den Massenmarkt. Auffällig sind die Designelemente, die Stufenhecklimousine und Crossover vereinen.	Leider haben wir noch keine Beschreibung	False	False	400	18,0-17,1		17.1	20
porsche-taycan	86	2021-03-13 17:10:23.670000+00:00	2022-02-25 09:48:34.750000+00:00	True	Standard	2021	2	cars/Porsche_Taycan_PB_4x3.webp	porsche-taycan	85543	322	354	230	408	300	False	3	hinterrrad	compact	5	225.0	22.0	22.0	5.4	71.0	79.2		Der Porsche Taycan ist nicht nur der erste rein elektrische Porsche, sondern auch ein echter Sportwagen. Bereits optisch ist er als solcher zu erkennen, mit elegant geformten Kotflügeln und Details wie dem prominenten Heck-Diffusor. Der Taycan bietet atemberaubende Fahrleistungen und High-Tech vereint mit Porsche-typischer makelloser Verarbeitung und fantastischen Materialien. Mit einer Schnellladeleistung von 225 kW setzt Porsche auch hier Maßstäbe und macht den Taycan ohne Probleme langstreckentauglich.	Leider haben wir noch keine Beschreibung	False	False	400	28		28.0	21
porsche-taycan-4-cross-turismo	94	2021-05-16 14:53:41.550000+00:00	2022-02-25 09:39:37.112000+00:00	True	4	2021	6	cars/Porsche_Taycan_4_Cross_Turismo_4x3.webp	porsche-taycan-4-cross-turismo	95658	342	389	220	476	350	False	3	Allrad	compact	6	270.0	22.0	22.0	5.1	83.7	93.4		Leider haben wir noch keine Beschreibung	Leider haben wir noch keine Beschreibung	False	False	400	28,1		28.1	58
Porsche-Taycan-4S	26	2020-04-21 18:59:41.740000+00:00	2022-02-25 10:44:03.294000+00:00	True	4S	2019	12	cars/Porsche_Taycan_4S_rendering_4x3.webp	Porsche-Taycan-4S	106487	304	333	250	530	390	False	3	Allrad	compact	6	225.0	22.0	22.0	4.0	71.0	79.2		Der Porsche Taycan ist nicht nur der erste rein elektrische Porsche, sondern auch ein echter Sportwagen. Bereits optisch ist er als solcher zu erkennen, mit elegant geformten Kotflügeln und Details wie dem prominenten Heck-Diffusor. Der Taycan bietet atemberaubende Fahrleistungen und High-Tech vereint mit Porsche-typischer makelloser Verarbeitung und fantastischen Materialien.	Leider haben wir noch keine Beschreibung	False	False	400		24,6	24.6	21
porsche-taycan-4s-cross-turismo	95	2021-05-16 14:59:15.072000+00:00	2022-02-25 09:38:36.134000+00:00	True	4S	2021	6	cars/Porsche_Taycan_4S_Cross_Turismo_4x3.webp	porsche-taycan-4s-cross-turismo	111842	341	388	240	571	420	False	3	Allrad	compact	6	270.0	22.0	22.0	4.1	83.7	93.4		Leider haben wir noch keine Beschreibung	Leider haben wir noch keine Beschreibung	False	False	400	28,1		28.1	58
Porsche-Taycan-4S-Performance-Batterie	27	2020-04-21 19:09:58.056000+00:00	2022-02-25 10:42:46.460000+00:00	True	4S Performance Batterie	2019	12	cars/Porsche_Taycan_4S_Performance_Batterie_4x3.webp	Porsche-Taycan-4S-Performance-Batterie	112008	358	386	250	571	420	False	3	Allrad	compact	6	270.0	22.0	22.0	4.0	83.7	93.5		Der Porsche Taycan ist nicht nur der erste rein elektrische Porsche, sondern auch ein echter Sportwagen. Bereits optisch ist er als solcher zu erkennen, mit elegant geformten Kotflügeln und Details wie dem prominenten Heck-Diffusor. Der Taycan bietet atemberaubende Fahrleistungen und High-Tech vereint mit Porsche-typischer makelloser Verarbeitung und fantastischen Materialien.	Leider haben wir noch keine Beschreibung	False	False	400		25,6	25.6	21
porsche-taycan-gts	129	2021-11-20 18:06:13.592000+00:00	2022-02-25 09:08:22.608000+00:00	True	GTS	2021	11	cars/Porsche_Taycan_GTS_4x3.webp	porsche-taycan-gts	131834	399	439	250	598	440	False	3	Allrad	compact	8	270.0	22.0	22.0	3.7	83.7	93.4		Der Porsche Taycan ist nicht nur der erste rein elektrische Porsche, sondern auch ein echter Sportwagen. Bereits optisch ist er als solcher zu erkennen, mit elegant geformten Kotflügeln und Details wie dem prominenten Heck-Diffusor. Der Taycan bietet atemberaubende Fahrleistungen und High-Tech vereint mit Porsche-typischer makelloser Verarbeitung und fantastischen Materialien. Mit einer Schnellladeleistung von 270 kW setzt Porsche auch hier Maßstäbe und macht den Taycan ohne Probleme langstreckentauglich.	Leider haben wir noch keine Beschreibung	False	False	400	23,3-20,3		20.3	21
porsche-taycan-performance-batterie	87	2021-03-13 17:18:18.672000+00:00	2022-02-25 09:46:59.789000+00:00	True	Performance Batterie	2021	2	cars/Porsche_Taycan_PB_Plus_4x3.webp	porsche-taycan-performance-batterie	91267	370	407	230	476	350	False	3	hinterrrad	compact	5	270.0	22.0	22.0	5.4	83.7	93.4		Der Porsche Taycan ist nicht nur der erste rein elektrische Porsche, sondern auch ein echter Sportwagen. Bereits optisch ist er als solcher zu erkennen, mit elegant geformten Kotflügeln und Details wie dem prominenten Heck-Diffusor. Der Taycan bietet atemberaubende Fahrleistungen und High-Tech vereint mit Porsche-typischer makelloser Verarbeitung und fantastischen Materialien. Mit einer Schnellladeleistung von 270 kW setzt Porsche auch hier Maßstäbe und macht den Taycan ohne Probleme langstreckentauglich.	Leider haben wir noch keine Beschreibung	False	False	400	28,7		28.7	21
Porsche-Taycan-Turbo	28	2020-04-21 19:13:23.923000+00:00	2022-02-25 10:42:07.881000+00:00	True	Turbo	2019	12	cars/Porsche_Taycan_Turbo_4x3.webp	Porsche-Taycan-Turbo	153016	350	381	260	680	500	False	3	Allrad	compact	6	270.0	22.0	22.0	3.2	83.7	93.4		Der Porsche Taycan ist nicht nur der erste rein elektrische Porsche, sondern auch ein echter Sportwagen. Bereits optisch ist er als solcher zu erkennen, mit elegant geformten Kotflügeln und Details wie dem prominenten Heck-Diffusor. Der Taycan bietet atemberaubende Fahrleistungen und High-Tech vereint mit Porsche-typischer makelloser Verarbeitung und fantastischen Materialien.	Leider haben wir noch keine Beschreibung	False	False	400		26	26.0	21
porsche-taycan-turbo-cross-turismo	96	2021-05-16 15:04:31.062000+00:00	2022-02-25 09:37:12.816000+00:00	True	Turbo	2021	6	cars/Porsche_Taycan_Turbo_Cross_Turismo_4x3.webp	porsche-taycan-turbo-cross-turismo	154444	348	395	250	680	500	False	3	Allrad	compact	6	270.0	22.0	22.0	3.3	83.7	93.4		Leider haben wir noch keine Beschreibung	Leider haben wir noch keine Beschreibung	False	False	400	28,7		28.7	58
Porsche-Taycan-turbo-S	29	2020-04-21 19:15:06.776000+00:00	2022-02-25 10:41:26.065000+00:00	True	Turbo S	2019	12	cars/Porsche_Taycan_Turbo_S_4x3-2.webp	Porsche-Taycan-turbo-S	186336	345	388	280	761	560	False	3	Allrad	compact	6	270.0	22.0	22.0	2.8	83.7	93.4		Der Porsche Taycan ist nicht nur der erste rein elektrische Porsche, sondern auch ein echter Sportwagen. Bereits optisch ist er als solcher zu erkennen, mit elegant geformten Kotflügeln und Details wie dem prominenten Heck-Diffusor. Der Taycan bietet atemberaubende Fahrleistungen und High-Tech vereint mit Porsche-typischer makelloser Verarbeitung und fantastischen Materialien.	Leider haben wir noch keine Beschreibung	False	False	400		26,9	26.9	21
porsche-taycan-turbo-s-cross-turismo	97	2021-05-16 15:07:19.716000+00:00	2022-02-25 09:35:18.641000+00:00	True	Turbo S	2021	6	cars/Porsche_Taycan_Turbo_S_Cross_Turismo_4x3.webp	porsche-taycan-turbo-s-cross-turismo	187764	341	388	250	761	560	False	3	Allrad	compact	6	270.0	22.0	22.0	2.9	83.7	93.4		Leider haben wir noch keine Beschreibung	Leider haben wir noch keine Beschreibung	False	False	400	29,4		29.4	58
renault-megane-e-tech-electric-ev40-130hp	137	2021-12-17 09:09:32.194000+00:00	2022-03-09 21:02:34.293000+00:00	True	EV40 130hp	2022	3	cars/Renault_Megane_E-Tech_40_kW.webp	renault-megane-e-tech-electric-ev40-130hp	35200	240	300	160	130	96	True	1	vorderrad	compact	6	85.0	22.0	22.0	10.0	40.0	45.0		Der Renault Mégane E-Tech Electric glänzt bereits auf den ersten Blick durch sein stilvolles sportliches Design. Seine kompakten Abmessungen und eine praxisnahe Reichweite von 240 Kilometern machen ihn zum idealen Stadtauto.	Leider haben wir noch keine Beschreibung	False	False	400	15,5		15.5	64
Renault-twingo-electric-vibes	63	2020-09-26 09:44:52.317000+00:00	2021-03-07 15:41:40.101000+00:00	True	Standard	2020	8	cars/Renault-Twingo-Electric-4x3.png	Renault-twingo-electric-vibes	23790	171	190	135	82	60	True	0	hinterrrad	compact	6	0.0	22.0	22.0	12.9	21.3	22.0		Aus guten Grund zählt der Twingo zu den meistverkauften Stadtautos in Deutschland. Mit seinem attraktiven Design und kompakten Abmessungen ist der Twingo Electric perfekt für die Stadt geeignet und garantiert ein Hingucker.	Leider haben wir noch keine Beschreibung	False	False	400	16,3-16		16.0	46
Renault-Zoe-ZE-40-R110	30	2020-04-21 19:19:23.857000+00:00	2022-02-25 10:40:28.241000+00:00	True	ZE 40 R110	2018	6	cars/Renault_Zoe_R110_4x3.webp	Renault-Zoe-ZE-40-R110	29990	284	316	135	109	80	True	1	vorderrad	compact	6	50.0	22.0	22.0	11.4	41.0	44.1		Der Renault Zoe ist nicht ohne Grund das meistverkaufte Elektroauto in Deutschland. Mit seinem auffälligen Designkonzept und seiner kompakten Größe eignet sich Zoe perfekt für die Stadt und ist ein Blickfang.	Leider haben wir noch keine Beschreibung	False	False	400		17,5	17.5	22
Renault-Zoe-ZE-50-R110	31	2020-04-21 19:43:35.093000+00:00	2022-02-25 10:39:23.578000+00:00	True	ZE 50 R110	2018	6	cars/Renault_Zoe_R110_ZE50_4x3.webp	Renault-Zoe-ZE-50-R110	31990	356	395	135	109	80	True	1	vorderrad	compact	6	50.0	22.0	22.0	11.4	52.0	55.0		Der Renault Zoe ist nicht ohne Grund das meistverkaufte Elektroauto in Deutschland. Mit seinem auffälligen Design und seiner kompakten Größe ist Zoe eine ideale Wahl für die Stadt und ein Blickfang.	Leider haben wir noch keine Beschreibung	False	False	400		17,4	17.4	22
Renault-Zoe-ZE-50-R135	32	2020-04-21 19:46:38.494000+00:00	2022-02-25 10:38:04.511000+00:00	True	ZE 50 R135	2019	9	cars/Renault_Zoe_R135_ZE50_4x3.webp	Renault-Zoe-ZE-50-R135	33890	347	385	140	136	100	True	1	vorderrad	compact	6	50.0	22.0	22.0	9.5	52.0	55.0		Nicht ohne Grund ist die Renault Zoe das meistverkaufte E-Auto Deutschlands. Mit ihrem attraktiven Design und kompakten Abmessungen ist die Zoe perfekt für die Stadt geeignet und garantiert ein Hingucker.	Leider haben wir noch keine Beschreibung	False	False	400		17,9	17.9	22
Seat-Mii-electric-Standard	33	2020-04-22 19:51:49.077000+00:00	2022-02-25 10:37:21.951000+00:00	True	Standard	2020	1	cars/Seat_Mii_eletric_4x3.webp	Seat-Mii-electric-Standard	20725	226	259	130	100	136	True	0	vorderrad	compact	6	40.0	7.2	7.2	12.3	32.3	36.8		Seat-Mii-electric-Standard	Seat-Mii-electric-Standard	False	False	400	14,9-14,4	12,9	14.9	23
Skoda-Citigo-e-iV-Standard	34	2020-04-22 19:54:38.701000+00:00	2022-02-25 10:36:43.676000+00:00	True	Standard	2020	1	cars/Skoda_Citigo_iV_4x3.webp	Skoda-Citigo-e-iV-Standard	24990	224	258	130	83	81	True	0	vorderrad	compact	6	40.0	7.2	7.2	12.3	32.3	36.8		Der Citigo-e iV ist das erste vollelektrisch angetriebene Serienfahrzeug von Skoda. Die Tschechen haben die Erfahrungen der Konzernmutter mit dem e-up genutzt – und dessen Schwächen insbesondere bei der Reichweite ausgemerzt.	Leider haben wir noch keine Beschreibung	False	False	400				24
skoda-enyaq-coupe-iv-rs	139	2022-02-04 00:10:56.544000+00:00	2022-02-25 09:01:31.396000+00:00	True	RS	2022	2	cars/Skoda_Enyaq_iV_Coupe_RS_4x3.png	skoda-enyaq-coupe-iv-rs	57700	409	499	180	299	220	True	3	Allrad	compact	6	125.0	11.0	11.0	6.5	77.0	82.0		"Das sportlichste vollelektrische SUV-Coupe aus dem Hause Škoda besticht durch eine emotionale Linienführung und seine dynamischen Proportionen. Dabei verzichtet das Enyaq Coupe weder auf das Škoda-typische großzügige Platzangebot (570 Liter Kofferraum) noch auf nachhaltigen Fahrspaß. Und auch im Alltag oder bei Fahrten in den Urlaub macht der Enyaq mit einer realen Reichweite von 409 Kilometern, Allradantrieb und einer Schnellladeleistung von 125 kW eine gute Figur. Auf den Punkt gebracht: Der sportliche Stromer mit dem Kürzel ""RS"" im Namen macht unglaublich viel richtig. Ein attraktiver Preis, ein cooles Design, das großzügige Platzangebot sowie die durchzugsstarken E-Motoren sind ein Statement."	Leider haben wir noch keine Beschreibung	False	False	400	17,7	14	17.7	67
skoda-enyaq-iv-50	52	2020-09-06 12:15:52.794000+00:00	2022-02-25 10:02:25.393000+00:00	True	50	2021	6	cars/Skoda_Enyaq_iV50_4x3.webp	skoda-enyaq-iv-50	34600	290	362	160	148	109	True	1	hinterrrad	compact	6	100.0	7.2	7.2	11.3	52.0	55.0		Der erste elektrische SUV aus dem Hause Škoda besticht durch emotionale Linien und seine ausgewogenen, dynamischen Proportionen bei einer Fahrzeuglänge von 4,65 Meter. Dabei verzichtet der Enyaq weder auf das Škoda-typische großzügige Platzangebot (585 Liter Kofferraum) noch auf nachhaltigen Fahrspaß.	Leider haben wir noch keine Beschreibung	False	False	400	16		16.0	37
skoda-enyaq-iv-60	53	2020-09-06 12:30:06.743000+00:00	2022-02-25 10:01:43.655000+00:00	True	60	2021	4	cars/Skoda_Enyaq_iV60_4x3.webp	skoda-enyaq-iv-60	39650	329	411	160	179	132	True	2	hinterrrad	compact	6	100.0	11.0	11.0	8.8	58.0	62.0		Der erste elektrische SUV aus dem Hause Škoda besticht durch emotionale Linien und seine ausgewogenen, dynamischen Proportionen bei einer Fahrzeuglänge von 4,65 Meter. Dabei verzichtet der Enyaq weder auf das Škoda-typische großzügige Platzangebot (585 Liter Kofferraum) noch auf nachhaltigen Fahrspaß.	Leider haben wir noch keine Beschreibung	False	False	400	15,7		15.7	37
skoda-enyaq-iv-80	54	2020-09-06 12:34:05.097000+00:00	2022-02-25 10:00:56.992000+00:00	True	80	2021	4	cars/Skoda_Enyaq_4x3.webp	skoda-enyaq-iv-80	44750	433	541	160	204	150	True	3	hinterrrad	compact	6	125.0	11.0	11.0	8.7	77.0	82.0		Die emotionalen Linien und die Ausgewogenheit des ersten elektrischen SUV von Škoda beeindrucken durch seine dynamischen Proportionen mit einer Länge von 4,65 Metern. Der Enyaq verzichtet nicht auf die Geräumigkeit oder den nachhaltigen Fahrspaß, die für Škoda typisch sind.	Leider haben wir noch keine Beschreibung	False	False	400	16		16.0	37
skoda-enyaq-iv-80x	101	2021-06-22 14:30:52.604000+00:00	2022-02-25 09:31:23.032000+00:00	True	80x	2021	6	cars/Skoda_Enyaq_iV80x_4x3.webp	skoda-enyaq-iv-80x	47000	397	496	160	265	195	True	2	Allrad	compact	6	125.0	11.0	11.0	6.9	77.1	82.0		Der erste elektrische SUV aus dem Hause Škoda besticht durch emotionale Linien und seine ausgewogenen, dynamischen Proportionen bei einer Fahrzeuglänge von 4,65 Meter. Dabei verzichtet der Enyaq weder auf das Škoda-typische großzügige Platzangebot (585 Liter Kofferraum) noch auf nachhaltigen Fahrspaß. Und auch im Alltag oder bei Fahrten in den Urlaub macht der Enyaq mit einer realen Reichweite von 396 Kilometern, Allradantrieb und einer Schnellladeleistung von 125 kW eine gute Figur. Auf den Punkt gebracht: Der Stromer aus Mlada Boleslav macht unglaublich viel richtig. Günstiger Preis, cooles Design, viel Platz für Gepäck und Passagiere, moderne Bedienung und ausreichend Leistung und Reichweite.	Leider haben wir noch keine Beschreibung	False	False	400	17,4		17.4	37
Smart-EQ-forfour	48	2020-06-01 11:03:25.964000+00:00	2022-02-25 10:06:26.634000+00:00	True	Standard	2017	3	cars/Smart_EQ_ForFour_4x3.webp	Smart-EQ-forfour	22600	97	114	130	82	60	True	0	hinterrrad	compact	6	0.0	22.0	22.0	12.7	16.7	17.6		Frisch überarbeitet bietet der neue Smart EQ ForFour ein neues Design und ein verbessertes Infotainment-System. Der kurze Radstand und das sofortige Ansprechverhalten des Elektromotors versprechen reichlich Fahrspaß. Einzig für Langstrecken ist der Smart mit seiner Reichweite nur mäßig geeignet.	Leider haben wir noch keine Beschreibung	False	False	400	18	17,3-15,8	18.0	26
Smart-EQ-fortwo-Cabrio	47	2020-06-01 10:56:15.042000+00:00	2022-02-25 10:07:48.153000+00:00	True	Cabrio	2017	3	cars/Smart_EQ_Fortwo_Cabrio_4x3.webp	Smart-EQ-fortwo-Cabrio	25200	111	131	130	82	60	True	0	hinterrrad	compact	8	0.0	22.0	22.0	11.8	16.7	17.6		Frisch überarbeitet bietet der neue Smart fortwo EQ Cabrio als einziges E-Auto ein offenes Fahrerlebnis, gepaart mit einem neuen Design und einem verbesserten Infotainment-System. Der kurze Radstand und das sofortige Ansprechverhalten des Elektromotors versprechen reichlich Fahrspaß.	Leider haben wir noch keine Beschreibung	False	False	400	17,6 kWh/100km	16,8-15,4	15.4	25
Smart-EQ-fortwo-coupe	46	2020-06-01 10:46:25.047000+00:00	2022-02-25 10:09:03.091000+00:00	True	Coupe	2017	3	cars/Smart_EQ_Fortwo_4x3.webp	Smart-EQ-fortwo-coupe	21940	114	134	130	82	60	True	1	hinterrrad	compact	8	0.0	22.0	22.0	11.5	16.7	17.6		Frisch überarbeitet bietet der neue Smart EQ ForTwo ein neues Design und ein verbessertes Infotainment-System. Der kurze Radstand und das sofortige Ansprechverhalten des Elektromotors versprechen reichlich Fahrspaß. Einzig für Langstrecken ist der Smart mit seiner Reichweite nur mäßig geeignet.	Leider haben wir noch keine Beschreibung	False	False	400	17,3 kWh/100km	16,5-15,2	15.2	25
standard-range-single-motor-2022	145	2022-04-01 21:24:30.111000+00:00	2022-04-01 21:24:45.703000+00:00	True	Standard Range Single Motor	2022	3	cars/Polestar-2-Standard-Range-Single-Motor_4x3_oCy1Rmn.webp	standard-range-single-motor-2022	46495	422	474	160	231	170	True	3	vorderrad	compact	6	130.0	11.0	11.0	7.4	67.0	69.0		Der Polestar 2 ist das erste Modell der auf Elektroautos spezialisierte Schwestermarke von Volvo für den Massenmarkt. Auffällig sind die Designelemente, die Stufenhecklimousine und Crossover vereinen.	Leider haben wir noch keine Beschreibung	False	False	400	16,7		16.7	20
tesla-model-3-hinterradantrieb	133	2021-12-07 22:37:19.589000+00:00	2022-03-17 19:27:03.459000+00:00	True	Hinterradantrieb	2021	11	cars/Tesla_Model_3_Hinterradantrieb_4x3.webp	tesla-model-3-hinterradantrieb	48260	442	491	225	325	239	True	3	hinterrrad	compact	12	170.0	11.0	11.0	6.1	60.0	65.0		Dank seiner direkten Lenkung und seines straffen aber trotzdem komfortablen Fahrwerks fährt sich das Tesla Model 3 traumhaft. Zusätzlich ist das Model 3 ein kleines Raumwunder. So verfügt es neben dem Kofferraum über ein zusätzliches Staufach in der Front, auch Frunk genannt.	Leider haben wir noch keine Beschreibung	False	False	400	15		15.0	28
Tesla-Model-3-Maximale-Reichweite	36	2020-04-22 20:13:33.801000+00:00	2022-03-17 19:26:42.526000+00:00	True	Maximale Reichweite	2018	7	cars/Tesla_Model_3_Maximale_Reichweite_Update_2020_4x3.webp	Tesla-Model-3-Maximale-Reichweite	62260	568	614	233	498	366	True	3	Allrad	compact	8	250.0	11.0	11.0	4.4	73.3	77.7	660.0	Dank seiner direkten Lenkung und seines straffen aber trotzdem komfortablen Fahrwerks ist das Tesla Model 3 ein traumhaft sportliches E-Auto. Mit seinem minimalistischen Interieur erinnert das Model 3 an das erste iPhone, denn das riesige Touch-Display ist das zentrale Steuerungselement für das gesamte Fahrzeug	Leider haben wir noch keine Beschreibung	False	False	400	16,0		16.0	28
Tesla-Model-3-Performance	37	2020-04-22 20:16:20.385000+00:00	2022-03-17 19:26:54.147000+00:00	True	Performance	2018	6	cars/Tesla_Model_3_Performance_Update_2020_4x3.webp	Tesla-Model-3-Performance	65560	507	567	261	512	377	True	3	Allrad	compact	4	250.0	11.0	11.0	3.3	73.3	77.7	701.0	Dank seiner direkten Lenkung und seines straffen aber trotzdem komfortablen Fahrwerks ist das Tesla Model 3 ein traumhaft sportliches E-Auto. Mit seiner Beschleunigung in 3,3 Sekunden von 0 auf 100 km/h können nur wenige Sportwagen mithalten.	Leider haben wir noch keine Beschreibung	False	False	400	16,6		16.6	28
Tesla-Model-3-Standard-Reichweite-Plus	35	2020-04-22 20:08:47.405000+00:00	2022-02-25 10:36:08.054000+00:00	True	Standard Plus (bis 2021)	2019	11	cars/Tesla_Model_3_Standardreichweite_Update_2020_4x3.webp	Tesla-Model-3-Standard-Reichweite-Plus	45560	423	448	225	325	239	True	3	hinterrrad	compact	6	170.0	11.0	22.0	5.6	55.0	60.0		Dank seiner direkten Lenkung und seines straffen aber trotzdem komfortablen Fahrwerks fährt sich das Tesla Model 3 traumhaft. Zusätzlich ist das Model 3 ein kleines Raumwunder. So verfügt es neben dem Kofferraum über ein zusätzliches Staufach in der Front, auch Frunk genannt.	Leider haben wir noch keine Beschreibung	False	False	400	14,9		14.9	28
Tesla-Model-S-Maximale-Reichweite	38	2020-04-22 20:20:47.467000+00:00	2022-02-25 10:20:13.439000+00:00	True	Maximale Reichweite	2019	4	cars/Tesla_Model_S-_long_range_facelift_4x3_bbr97kv.webp	Tesla-Model-S-Maximale-Reichweite	101990	647	652	250	100	136	False	3	Allrad	compact	6	250.0	16.5	16.5	3.2	93.3	98.0		Das Tesla Model S ist ohne Zweifel der Pionier moderner E-Autos. Obwohl das Model S bereits seit 2012 auf dem Markt ist, bietet es dank regelmäßiger Hardware und Software Updates immer noch ein unschlagbares Gesamtpaket. Eine reale Reichweite von 647 Kilometern, Fahrleistungen und Technik-Features sind unerreicht und werden kontinuierlich weiterentwickelt. Durch das ultra-schnelle Tesla Supercharger Ladenetzwerk sind auch Langstreckenfahrten quer durch Europa problemlos möglich.	Leider haben wir noch keine Beschreibung	False	False	400	16,2		16.2	29
Tesla-Model-S-Performance	39	2020-04-22 20:23:38.955000+00:00	2022-02-25 10:17:25.266000+00:00	True	Performance (bis 2020)	2019	4	cars/Tesla_Model_S_Performance_4x3.webp	Tesla-Model-S-Performance	98990	623	639	261	788	580	False	3	Allrad	compact	6	200.0	16.5	16.5	2.5	93.3	98.0	1074.0	Das Tesla Model S ist ohne Zweifel der Pionier moderner E-Autos. Obwohl das Model S bereits seit 2012 auf dem Markt ist, bietet es dank regelmäßiger Hardware und Software Updates immer noch ein unschlagbares Gesamtpaket.	Leider haben wir noch keine Beschreibung	False	False	400	19,3		19.3	29
tesla-model-s-plaid	78	2021-01-31 11:39:25.332000+00:00	2022-02-25 09:55:07.062000+00:00	True	Plaid	2021	1	cars/Tesla_Model_S-_Plaid_Facelift_4x3.webp	tesla-model-s-plaid	126990	627	628	322	1020	750	False	3	Allrad	compact	6	250.0	16.5	16.5	2.1	98.0	93.3		Das Tesla Model S ist ohne Zweifel der Pionier moderner E-Autos. Obwohl das Model S bereits seit 2012 auf dem Markt ist, bietet es dank regelmäßiger Hardware und Software Updates immer noch ein unschlagbares Gesamtpaket.	Leider haben wir noch keine Beschreibung	False	False	400	16,8		16.8	29
tesla-model-s-plaid-plus	79	2021-01-31 12:04:26.767000+00:00	2022-02-25 09:54:16.970000+00:00	True	Plaid+	2021	1	cars/Tesla_Model_S-_Plaid_Facelift_4x3_8hXIEZy.webp	tesla-model-s-plaid-plus	139990	837	840	322	1100	809	False	3	Allrad	compact	6	250.0	16.5	16.5	2.1	115.0	120.0		Das Tesla Model S ist ohne Zweifel der Pionier moderner E-Autos. Obwohl das Model S bereits seit 2012 auf dem Markt ist, bietet es dank regelmäßiger Hardware und Software Updates immer noch ein unschlagbares Gesamtpaket.	Leider haben wir noch keine Beschreibung	False	False	400	17,2		17.2	29
Tesla-Model-X-Maximale-Reichweite	40	2020-04-22 20:27:15.482000+00:00	2022-02-25 10:15:55.804000+00:00	True	Maximale Reichweite	2015	9	cars/Tesla_Model_X_-_long_range_facelift_4x3_TTKitFA.png	Tesla-Model-X-Maximale-Reichweite	110990	579	580	250	678	499	False	3	Allrad	compact	6	250.0	16.5	16.5	3.9	93.3	98.0		Raumschiff oder E-Auto? Dank einer atemberaubenden Panorama-Frontscheibe, Falcon-Wing Türen und einem futuristischen Design verschwimmt diese Grenze beim Tesla Model X. Mit bis zu 7 Sitzplätze und einem gigantischen Ladevolumen gibt es praktisch keine Grenzen.	Leider haben wir noch keine Beschreibung	False	False	400	18,9		18.9	30
Tesla-Model-X-Performance	41	2020-04-22 20:29:18.797000+00:00	2022-02-25 10:14:46.700000+00:00	True	Performance (bis 2020)	2015	9	cars/Tesla_Model_X_Performance_4x3.webp	Tesla-Model-X-Performance	105268	549	548	250	788	580	False	3	Allrad	compact	6	200.0	16.5	16.5	2.8	93.3	98.0	1226.0	Raumschiff oder E-Auto? Dank einer atemberaubenden Panorama-Frontscheibe, Falcon-Wing Türen und einem futuristischen Design verschwimmt diese Grenze beim Tesla Model X. Mit bis zu 7 Sitzplätze und einem gigantischen Ladevolumen gibt es praktisch keine Grenzen.	Leider haben wir noch keine Beschreibung	False	False	400	23,6		23.6	30
tesla-model-x-plaid	77	2021-01-31 11:29:01.789000+00:00	2022-02-25 09:55:48.106000+00:00	True	Plaid	2021	1	cars/Tesla_Model_X_-_Plaid_facelift_4x3.webp	tesla-model-x-plaid	116990	547	547	262	1020	750	False	3	Allrad	compact	6	250.0	16.5	16.5	2.6	93.3	98.0		Raumschiff oder E-Auto? Dank einer atemberaubenden Panorama-Frontscheibe, Falcon-Wing Türen und einem futuristischen Design verschwimmt diese Grenze beim Tesla Model X. Mit bis zu 7 Sitzplätze und einem gigantischen Ladevolumen gibt es praktisch keine Grenzen.	Leider haben wir noch keine Beschreibung	False	False	400	19,8		19.8	30
tesla-model-y-maximale-reichweite	110	2021-08-22 16:33:58.064000+00:00	2022-03-17 19:31:56.368000+00:00	True	Maximale Reichweite	2021	8	cars/Tesla_Model_Y_Maximale_Reichweite_4x3.webp	tesla-model-y-maximale-reichweite	62165	507	507	217	345	254	True	3	Allrad	compact	4	250.0	11.0	11.0	5.0	75.0	80.5		Trotz seiner aerodynamischen Silhouette ist das Tesla Model Y ein wahres Raumwunder und bietet ausreichend Platz für fünf Erwachsenen und zwei Kinder. Mit einer alltagstauglichen Reichweite von über 500 Kilometern und Sprintzeiten von 0 auf Tempo 100 in 5 Sekunden sammelt der SUV weitere Pluspunkte.	Trotz seiner aerodynamischen Silhouette ist das Tesla Model Y ein wahres Raumwunder und bietet ausreichend Platz für fünf Erwachsenen und zwei Kinder. Mit einer alltagstauglichen Reichweite von über 500 Kilometern und Sprintzeiten von 0 auf Tempo 100 in 5 Sekunden sammelt der SUV weitere Pluspunkte.	False	False	400	16,8		16.8	62
tesla-model-y-performance	111	2021-08-22 16:42:10.620000+00:00	2022-03-17 19:33:02.619000+00:00	True	Performance	2021	8	cars/Tesla_Model_Y_Performance_4x3.webp	tesla-model-y-performance	66985	480	480	241	534	393	True	3	Allrad	compact	3	250.0	11.0	11.0	3.7	75.0	80.5		Trotz seiner aerodynamischen Silhouette ist das Tesla Model Y ein wahres Raumwunder und bietet ausreichend Platz für fünf Erwachsenen und zwei Kinder. Mit einer Höchstgeschwindigkeit von 250 km/h, Allradantrieb und Sprintzeiten von 0 auf Tempo 100 in 3,7 Sekunden kann das Model Y zurecht als Sportwagen bezeichnet werden.	Trotz seiner aerodynamischen Silhouette ist das Tesla Model Y ein wahres Raumwunder und bietet ausreichend Platz für fünf Erwachsenen und zwei Kinder. Mit einer Höchstgeschwindigkeit von 250 km/h, Allradantrieb und Sprintzeiten von 0 auf Tempo 100 in 3,7 Sekunden kann das Model Y zurecht als Sportwagen bezeichnet werden.	False	False	400	17,4		17.4	62
toyota-bz4x-awd	127	2021-11-16 12:05:58.603000+00:00	2022-02-25 09:08:54.191000+00:00	True	AWD	2021	11	cars/Toyota_bz4x_AWD_4x3_blue.webp	toyota-bz4x-awd	59990	336	410	160	218	160	True	3	Allrad	compact	8	150.0	4.6	6.6	7.7	71.4	75.0		Leider haben wir noch keine Beschreibung	Leider haben wir noch keine Beschreibung	False	False	400	19,3-17,4		17.4	65
toyota-bz4x-fwd	126	2021-11-16 11:58:37.520000+00:00	2022-02-25 09:09:28.490000+00:00	True	FWD	2021	11	cars/Toyota_bz4x_FWD_4x3_schwarz.webp	toyota-bz4x-fwd	47490	369	450	160	204	150	True	3	vorderrad	compact	8	150.0	4.6	6.6	8.4	71.4	75.0		Leider haben wir noch keine Beschreibung	Leider haben wir noch keine Beschreibung	False	False	400	18,2-15,9		15.9	65
volvo-c40-recharge-pure-electric	141	2022-03-11 13:51:20.573000+00:00	2022-03-11 14:26:16.328000+00:00	True	Pure Electric	2022	2	cars/Volvo_c40-recharge-4x3-Single_Motor.png	volvo-c40-recharge-pure-electric	48850	364	400	160	231	170	True	3	vorderrad	compact	10	150.0	11.0	11.0	7.4	67.0	70.0		Der Volvo C40 Recharge ist bereits das zweite rein elektrisch angetriebene Fahrzeug der Schweden und setzt auf neueste Technik. Das SUV-Coupe in klassisch skandinavischem Design bietet ein starkes Gesamtpaket aus langstreckentauglicher Reichweite, hervorragender Schnellladeleistung und durchzugsstarkem E-Motor.	Leider haben wir noch keine Beschreibung	False	False	400	19,7-18,7		18.7	53
volvo-c40-recharge-pure-electric-p8	91	2021-05-14 08:59:33.158000+00:00	2022-03-11 14:25:36.167000+00:00	True	Pure Electric Twin	2021	7	cars/Volvo_c40-recharge-4x3.webp	volvo-c40-recharge-pure-electric-p8	57650	363	415	180	408	300	True	3	Allrad	compact	9	150.0	11.0	11.0	4.7	75.0	78.0		Der Volvo C40 Recharge ist bereits das zweite rein elektrisch angetriebene Fahrzeug der Schweden und setzt auf neueste Technik. Das SUV-Coupe in klassisch skandinavischem Design bietet ein starkes Gesamtpaket aus langstreckentauglicher Reichweite, hervorragender Schnellladeleistung und Allradantrieb.	Leider haben wir noch keine Beschreibung	False	False	400	22,3-20,7 kWh		20.7	53
VW-e-Golf-Standard	43	2020-04-22 20:42:11.991000+00:00	2022-02-25 10:13:06.600000+00:00	True	Standard	2017	2	cars/VW_eGolf_4x3.webp	VW-e-Golf-Standard	31900	198	232	150	136	100	True	0	vorderrad	compact	6	40.0	7.2	7.2	9.6	32.0	35.8		Der VW e-Golf bringt alle klassischen Qualitäten, wie die fantastische Verarbeitungsqualität und den hohen Praxisnutzen des normalen Golf mit, vereint diese aber mit einem sehr effizienten elektrischen Antriebsstrang.	Leider haben wir noch keine Beschreibung	False	False	400	15,3	12,7	12.7	32
VW-e-up-Standard	42	2020-04-22 20:36:26.111000+00:00	2022-02-25 10:13:45.584000+00:00	True	Standard	2019	9	cars/VW_e-up_4x3_2.webp	VW-e-up-Standard	26895	225	258	130	82	61	True	0	vorderrad	compact	6	40.0	7.2	7.2	11.9	32.3	36.8		Mit dem nagelneuen Facelift des e-up! hat VW nicht nur die Reichweite verdoppelt, sondern auch den Preis gesenkt. Das verschafft dem e-up! ein hervorragendes Preis/Leistungsverhältnis. Trotz der kompakten Abmaße ist ausreichend Platz im Innenraum vorhanden.	Leider haben wir noch keine Beschreibung	False	False	400	14,5	12,9-12,5	14.5	33
vw-id3-pro	67	2020-11-14 16:29:44.633000+00:00	2021-05-25 23:00:58.570000+00:00	True	Pro	2020	11	cars/Volkswagen-ID.3-Pro_4x3.png	vw-id3-pro	35460	357	420	160	145	107	True	2	hinterrrad	compact	6	120.0	11.0	11.0	9.6	58.0	62.0		ID.3 ist das erste Fahrzeug von Volkswagen, das vollständig als Elektroauto entwickelt wurde. Volkswagen will mit ID.3 ins digitale Zeitalter eintreten. Alles in allem ist ID.3 die perfekte Kombination aus modernster Technologie und hoher VW-Verarbeitungsqualität.	Leider haben wir noch keine Beschreibung	False	False	400	15,4		15.4	34
vw-id3-pro-performance	50	2020-06-02 22:30:55.802000+00:00	2022-02-25 10:04:42.188000+00:00	True	Pro Performance	2020	6	cars/Volkswagen_ID-3-Pro_4x3.webp	vw-id3-pro-performance	36960	357	420	160	204	150	True	2	hinterrrad	compact	6	120.0	11.0	11.0	7.3	58.0	62.0		Der ID.3 ist das erste vollständig als E-Auto entwickelte Fahrzeug von VW. Mit dem ID.3 möchte VW in das Zeitalter der Digitalisierung einsteigen. Rundum ist der ID.3 eine klasse Kombination aus neuester Technik mit hoher VW-Verarbeitungsqualität.	Leider haben wir noch keine Beschreibung	False	False	400	15,4		15.4	34
vw-id3-pro-s	51	2020-08-29 11:54:12.469000+00:00	2022-02-25 10:03:17.664000+00:00	True	Pro S	2020	7	cars/Volkswagen_ID-3-Pro-S_4x3.webp	vw-id3-pro-s	42620	424	550	160	204	150	True	3	hinterrrad	compact	6	125.0	11.0	11.0	7.9	77.0	82.0		Der ID.3 ist das erste vollständig als E-Auto entwickelte Fahrzeug von VW. Mit dem ID.3 möchte VW in das Zeitalter der Digitalisierung einsteigen.  Rundum ist der ID.3 eine klasse Kombination aus neuester Technik mit hoher VW-Verarbeitungsqualität.	Leider haben wir noch keine Beschreibung	False	False	400	15,8		15.8	34
vw-id3-pure-performance	81	2021-02-07 22:18:00.741000+00:00	2022-02-25 09:52:51.667000+00:00	True	Pure Performance	2021	1	cars/Volkswagen-ID.3-Pure_Performance__4x3.webp	vw-id3-pure-performance	31960	270	351	160	150	110	True	2	hinterrrad	compact	6	110.0	7.2	7.2	8.9	45.0	48.0		Der ID.3 ist das erste vollständig als E-Auto entwickelte Fahrzeug von VW. Mit dem ID.3 möchte VW in das Zeitalter der Digitalisierung einsteigen.Rundum ist der ID.3 eine klasse Kombination aus neuester Technik mit hoher VW-Verarbeitungsqualität.	Leider haben wir noch keine Beschreibung	False	False	400	14,9		14.9	34
VW-ID4-GTX	90	2021-05-06 23:09:03.971000+00:00	2022-02-25 09:44:14.959000+00:00	True	GTX	2021	6	cars/VW_ID.4_GTX_4x3_-_3.webp	VW-ID4-GTX	50415	370	480	180	299	220	True	2	Allrad	compact	8	125.0	11.0	11.0	6.2	77.0	82.0		Der ID.4 ist das erste reinelektrische SUV-Modell von Volkswagen und positioniert sich im beliebten Segment der Mid-Size SUV's. Mit dem elektrischen SUV rückt VW auch das Thema Digitalisierung und digitaler Innenraum weiter in den Fokus.	Leider haben wir noch keine Beschreibung	False	False	400	18,6		18.6	42
VW-ID4-pro-performance	61	2020-09-24 08:30:32.464000+00:00	2021-05-25 23:24:12.648000+00:00	True	Pro Performance	2020	9	cars/VW-ID-4-Pro-Rendering_4x3.png	VW-ID4-pro-performance	44915	402	522	160	204	150	True	3	hinterrrad	compact	6	125.0	11.0	11.0	8.5	77.0	82.0		Rundum ist der ID.4 ein emotionaler Allrounder, der mit seinem effizienten Elektro-Antrieb, einem großzügigen Raumangebot, modernster Technik und dem neuen progressiven VW-Design einen neuen Maßstab in seinem Segment setzt.	Leider haben wir noch keine Beschreibung	False	False	400	17,2		17.2	42
VW-ID4-pure	84	2021-02-28 22:07:16.618000+00:00	2022-02-25 09:50:54.792000+00:00	True	Pure	2021	2	cars/VW_ID.4_Pure_4x3.webp	VW-ID4-pure	37415	266	345	160	149	109	True	2	hinterrrad	compact	5	110.0	7.2	7.2	10.9	52.0	55.0		Der ID.4 ist das erste reinelektrische SUV-Modell von Volkswagen und positioniert sich im beliebten Segment der Mid-Size SUV's. Mit dem elektrischen SUV rückt VW auch das Thema Digitalisierung und digitaler Innenraum weiter in den Fokus.	Leider haben wir noch keine Beschreibung	False	False	400	16,7	15,5	16.7	42
VW-ID4-pure-performance	80	2021-02-07 13:11:45.330000+00:00	2022-02-25 09:53:39.425000+00:00	True	Pure Performance	2021	1	cars/Volkswagen_ID.4_Pure_Performance_4x3.webp	VW-ID4-pure-performance	38915	266	345	160	170	125	True	2	hinterrrad	compact	6	110.0	7.2	7.2	9.0	52.0	55.0		Der ID.4 ist das erste reinelektrische SUV-Modell von Volkswagen und positioniert sich im beliebten Segment der Mid-Size SUV's. Mit dem elektrischen SUV rückt VW auch das Thema Digitalisierung und digitaler Innenraum weiter in den Fokus.	Leider haben wir noch keine Beschreibung	False	False	400	16,7		16.7	42
vw-id5-gtx	130	2021-11-24 20:51:20.871000+00:00	2022-02-25 09:07:47.013000+00:00	True	GTX	2021	11	cars/VW-ID.5-GTX_4x3.webp	vw-id5-gtx	53615	380	493	180	299	220	True	3	Allrad	compact	7	135.0	11.0	11.0	6.3	77.0	82.0		Der ID.5 ist Volkswagens erstes elektrisches Coupé und positioniert sich im beliebten Segment der Mid-Size SUV's. Die Modellvariante GTX bildet dabei die Top-Motorisierung der ID.5-Reihe. Der Allradantrieb und ein sportlich abgestimmtes Fahrwerk des GTX garantieren in jeder Situation eine Menge Fahrspaß.	Leider haben wir noch keine Beschreibung	False	False	400	17,9		17.9	66
vw-id5-pro	132	2021-11-24 23:41:56.414000+00:00	2022-02-25 09:06:13.655000+00:00	True	Pro	2021	11	cars/VW-ID.5-Pro_4x3.webp	vw-id5-pro	46515	401	521	160	174	128	True	3	hinterrrad	compact	6	135.0	11.0	11.0	10.4	77.0	82.0		Der ID.5 ist Volkswagens erstes elektrisches Coupé und positioniert sich im beliebten Segment der Mid-Size SUV's. Mit dem ID.5 rückt VW auch das Thema Digitalisierung und digitaler Innenraum weiter in den Fokus.	Leider haben wir noch keine Beschreibung	False	False	400	16,2		16.2	66
vw-id5-pro-performance	131	2021-11-24 22:11:16.859000+00:00	2022-02-25 09:06:54.717000+00:00	True	Pro Performance	2021	11	cars/VW-ID.5-Pro-Performance_4x3.webp	vw-id5-pro-performance	47550	401	521	160	204	150	True	3	hinterrrad	compact	7	135.0	11.0	11.0	8.4	77.0	82.0		Der ID.5 ist Volkswagens erstes elektrisches Coupé und positioniert sich im beliebten Segment der Mid-Size SUV's. Mit dem ID.5 rückt VW auch das Thema Digitalisierung und digitaler Innenraum weiter in den Fokus.	Leider haben wir noch keine Beschreibung	False	False	400	16,6		16.6	66
vw-idbuzz-pro-performance	142	2022-03-13 21:42:00.824000+00:00	2022-05-09 20:57:47.731000+00:00	True	Pro Performance	2022	5	cars/VW-ID.Buzz-Pro-4x3.webp	vw-idbuzz-pro-performance	64581	385	500	145	204	150	True	3	hinterrrad	compact	4	170.0	11.0	11.0	12.0	77.0	82.0		Leider haben wir noch keine Beschreibung	Leider haben wir noch keine Beschreibung	False	False	400	25		25.0	68
XC40-Recharge-pure-electric	49	2020-06-01 11:10:57.463000+00:00	2022-03-11 14:58:52.359000+00:00	True	Pure Electric	2021	9	cars/Volvo_XC40_recharged_pure_electric_fwd_4x3.webp	XC40-Recharge-pure-electric	48650	360	400	160	231	170	True	3	vorderrad	compact	6	150.0	11.0	11.0	7.4	67.0	70.0		Der Volvo XC40 Recharge ist das erste rein elektrisch angetrieben Fahrzeug der Schweden und setzt auf neueste Technik. Der SUV in klassisch skandinavischem Design bietet ein starkes Gesamtpaket.	Leider haben wir noch keine Beschreibung	False	False	400	19,7-18,7		18.7	31
XC40-recharge-pure-electric-twin	121	2021-09-20 16:10:00.849000+00:00	2022-03-11 14:59:09.441000+00:00	True	Pure Electric Twin	2020	10	cars/Volvo_XC40_recharged_pure_electric_4x3_lDSiF4d.webp	XC40-recharge-pure-electric-twin	56150	358	400	180	408	300	True	3	Allrad	compact	6	150.0	11.0	11.0	4.9	75.0	78.0		Der Volvo XC40 Recharge ist das erste rein elektrisch angetrieben Fahrzeug der Schweden und setzt auf neueste Technik. Der SUV in klassisch skandinavischem Design bietet ein starkes Gesamtpaket.	Leider haben wir noch keine Beschreibung	False	False	400	23,8-25		23.8	31
